map_id	positions	path	name	passive_ids	special_objects	object_classes	dungeons	known_dungeon_53
104	4	map/LorienInside/104.map	PVP无名	[5 6 221 243 244]	object=221 -> monster=10 level=2 ref=MapObject/BreakableObject/Barrel.obj	presentation=2/declared=3/scripted=0/other=0	dungeon=2(ownership)	false
108	4	map/LorienInside/108.map	PVP无名	[5 6 243 244]	object=221 -> monster=10 level=2 ref=MapObject/BreakableObject/Barrel.obj	presentation=2/declared=4/scripted=0/other=0	dungeon=2(ownership)	false
117	4	map/LorienInside/b101.map	PVP无名	[5 6 271]	object=221 -> monster=1 level=3 ref=MapObject/BreakableObject/Barrel.obj	presentation=2/declared=2/scripted=0/other=0	dungeon=2(ownership)	false
118	4	map/LorienInside/b102.map	PVP无名	[5 6 243 244 272]	object=221 -> monster=2 level=3 ref=MapObject/BreakableObject/Barrel.obj	presentation=2/declared=4/scripted=0/other=0	dungeon=2(ownership)	false
120	4	map/LorienInside/120(0,0)normal.map	PVP无名	[5 6 221 243 244]	object=221 -> monster=10 level=2 ref=MapObject/BreakableObject/Barrel.obj	presentation=2/declared=3/scripted=0/other=0	dungeon=2(ownership)	false
126	4	map/LorienInside/126(1,2)normal.map	PVP无名	[5 6 243 244]	object=221 -> monster=10 level=2 ref=MapObject/BreakableObject/Barrel.obj	presentation=2/declared=4/scripted=0/other=0	dungeon=2(ownership)	false
129	4	map/LorienInside/129(1,3)boss.map	PVP无名	[5 6 243 244 272]	object=221 -> monster=2 level=3 ref=MapObject/BreakableObject/Barrel.obj	presentation=2/declared=4/scripted=0/other=0	dungeon=2(ownership)	false
205	4	map/Mirkwood/204.map	PVP无名	[3 4 221]	object=221 -> monster=1 level=3 ref=MapObject/BreakableObject/Barrel.obj	presentation=2/declared=2/scripted=0/other=0	dungeon=3(ownership)	false
206	4	map/Mirkwood/205.map	PVP无名	[3 4 221 231]	object=221 -> monster=1 level=3 ref=MapObject/BreakableObject/Barrel.obj	presentation=2/declared=3/scripted=0/other=0	dungeon=3(ownership)	false
209	4	map/Mirkwood/209.map	PVP无名	[3 4 221 226 227]	object=221 -> monster=1 level=3 ref=MapObject/BreakableObject/Barrel.obj; object=221 -> monster=1 level=3 ref=MapObject/BreakableObject/Barrel.obj; object=221 -> monster=2 level=3 ref=MapObject/BreakableObject/Barrel.obj	presentation=2/declared=3/scripted=0/other=0	dungeon=3(ownership)	false
210	4	map/Mirkwood/210.map	PVP无名	[3 4 221 286]	object=221 -> monster=1 level=3 ref=MapObject/BreakableObject/Barrel.obj; object=221 -> monster=2 level=3 ref=MapObject/BreakableObject/Barrel.obj; object=221 -> monster=2 level=4 ref=MapObject/BreakableObject/Barrel.obj	presentation=2/declared=2/scripted=0/other=0	dungeon=3(ownership)	false
211	4	map/Mirkwood/211.map	PVP无名	[3 4 221 227 282 286]	object=221 -> monster=1 level=3 ref=MapObject/BreakableObject/Barrel.obj; object=221 -> monster=1 level=4 ref=MapObject/BreakableObject/Barrel.obj; object=221 -> monster=1 level=4 ref=MapObject/BreakableObject/Barrel.obj; object=221 -> monster=2 level=4 ref=MapObject/BreakableObject/Barrel.obj	presentation=2/declared=4/scripted=0/other=0	dungeon=3(ownership)	false
212	4	map/Mirkwood/212.map	PVP无名	[3 4 221 245 283]	object=221 -> monster=1 level=3 ref=MapObject/BreakableObject/Barrel.obj; object=221 -> monster=3 level=4 ref=MapObject/BreakableObject/Barrel.obj	presentation=2/declared=3/scripted=0/other=0	dungeon=3(ownership)	false
214	4	map/Mirkwood/214.map	PVP无名	[3 4 221 227 246]	object=221 -> monster=3 level=4 ref=MapObject/BreakableObject/Barrel.obj; object=221 -> monster=4 level=4 ref=MapObject/BreakableObject/Barrel.obj	presentation=2/declared=3/scripted=0/other=0	dungeon=3(ownership)	false
215	4	map/Mirkwood/215.map	PVP无名	[3 4 221 231]	object=221 -> monster=3 level=4 ref=MapObject/BreakableObject/Barrel.obj; object=221 -> monster=4 level=4 ref=MapObject/BreakableObject/Barrel.obj	presentation=2/declared=4/scripted=0/other=0	dungeon=3(ownership)	false
216	4	map/Mirkwood/216.map	PVP无名	[3 4 221 226 227]	object=1015 -> monster=2 level=4 ref=MapObject/Trap/GoblinBunker/GoblinBunker.obj; object=221 -> monster=4 level=4 ref=MapObject/BreakableObject/Barrel.obj; object=221 -> monster=4 level=4 ref=MapObject/BreakableObject/Barrel.obj	presentation=2/declared=5/scripted=0/other=0	dungeon=3(ownership)	false
218	4	map/Mirkwood/219.map	PVP无名	[3 4 221 231 286]	object=1015 -> monster=2 level=4 ref=MapObject/Trap/GoblinBunker/GoblinBunker.obj; object=221 -> monster=1 level=4 ref=MapObject/BreakableObject/Barrel.obj; object=221 -> monster=3 level=4 ref=MapObject/BreakableObject/Barrel.obj	presentation=2/declared=7/scripted=0/other=0	dungeon=3(ownership)	false
219	4	map/Mirkwood/221.map	PVP无名	[3 4 221 222 227]	object=221 -> monster=1 level=4 ref=MapObject/BreakableObject/Barrel.obj; object=221 -> monster=1 level=4 ref=MapObject/BreakableObject/Barrel.obj	presentation=2/declared=3/scripted=0/other=0	dungeon=3(ownership)	false
220	4	map/Mirkwood/222.map	PVP无名	[3 4 221 222]	object=221 -> monster=1 level=4 ref=MapObject/BreakableObject/Barrel.obj; object=221 -> monster=1 level=4 ref=MapObject/BreakableObject/Barrel.obj	presentation=2/declared=2/scripted=0/other=0	dungeon=3(ownership)	false
221	4	map/Mirkwood/b201.map	PVP无名	[3 4 221 231 245 282 283 286]	object=1015 -> monster=2 level=4 ref=MapObject/Trap/GoblinBunker/GoblinBunker.obj; object=1015 -> monster=2 level=4 ref=MapObject/Trap/GoblinBunker/GoblinBunker.obj; object=221 -> monster=3 level=4 ref=MapObject/BreakableObject/Barrel.obj; object=221 -> monster=4 level=4 ref=MapObject/BreakableObject/Barrel.obj	presentation=2/declared=10/scripted=0/other=0	dungeon=3(ownership)	false
222	4	map/Mirkwood/b202.map	PVP无名	[3 4 221 227 231 245 246 282]	object=1015 -> monster=2 level=4 ref=MapObject/Trap/GoblinBunker/GoblinBunker.obj; object=221 -> monster=3 level=4 ref=MapObject/BreakableObject/Barrel.obj	presentation=2/declared=8/scripted=0/other=0	dungeon=3(ownership)	false
228	4	map/Mirkwood/e204.map	PVP无名	[3 4 231 245 282]	object=221 -> monster=1 level=4 ref=MapObject/BreakableObject/Barrel.obj; object=221 -> monster=3 level=4 ref=MapObject/BreakableObject/Barrel.obj	presentation=2/declared=4/scripted=0/other=0	dungeon=3(ownership)	false
230	4	map/Mirkwood/n202.map	PVP无名	[3 4 221 281 284]	object=221 -> monster=1 level=4 ref=MapObject/BreakableObject/Barrel.obj; object=221 -> monster=5 level=4 ref=MapObject/BreakableObject/Barrel.obj	presentation=2/declared=3/scripted=0/other=0	dungeon=3(ownership)	false
231	4	map/Mirkwood/n203.map	PVP无名	[3 4 221 231]	object=221 -> monster=1 level=4 ref=MapObject/BreakableObject/Barrel.obj; object=221 -> monster=2 level=4 ref=MapObject/BreakableObject/Barrel.obj	presentation=2/declared=3/scripted=0/other=0	dungeon=3(ownership)	false
232	4	map/Mirkwood/n204.map	PVP无名	[3 4 221 231 245 282]	object=221 -> monster=1 level=4 ref=MapObject/BreakableObject/Barrel.obj; object=221 -> monster=3 level=4 ref=MapObject/BreakableObject/Barrel.obj	presentation=2/declared=4/scripted=0/other=0	dungeon=3(ownership)	false
238	4	map/Mirkwood/h201.map	PVP无名	[3 4 221 227 246]	object=221 -> monster=3 level=4 ref=MapObject/BreakableObject/Barrel.obj; object=221 -> monster=3 level=4 ref=MapObject/BreakableObject/Barrel.obj; object=221 -> monster=4 level=4 ref=MapObject/BreakableObject/Barrel.obj; object=221 -> monster=4 level=4 ref=MapObject/BreakableObject/Barrel.obj	presentation=2/declared=5/scripted=0/other=0	dungeon=3(ownership)	false
239	4	map/Mirkwood/b203.map	PVP无名	[3 4 221]	object=221 -> monster=1 level=3 ref=MapObject/BreakableObject/Barrel.obj; object=221 -> monster=3 level=4 ref=MapObject/BreakableObject/Barrel.obj; object=221 -> monster=4 level=4 ref=MapObject/BreakableObject/Barrel.obj	presentation=2/declared=1/scripted=0/other=0	dungeon=3(ownership)	false
240	4	map/Mirkwood/b204.map	PVP无名	[3 4 221 282 286]	object=1015 -> monster=3 level=4 ref=MapObject/Trap/GoblinBunker/GoblinBunker.obj; object=1015 -> monster=4 level=4 ref=MapObject/Trap/GoblinBunker/GoblinBunker.obj	presentation=2/declared=4/scripted=0/other=0	dungeon=3(ownership)	false
403	4	map/MirkwoodDeep/403.map	PVP无名	[3 4]	object=221 -> monster=1 level=6 ref=MapObject/BreakableObject/Barrel.obj; object=221 -> monster=1 level=6 ref=MapObject/BreakableObject/Barrel.obj; object=221 -> monster=3 level=5 ref=MapObject/BreakableObject/Barrel.obj; object=221 -> monster=3 level=5 ref=MapObject/BreakableObject/Barrel.obj; object=221 -> monster=4 level=6 ref=MapObject/BreakableObject/Barrel.obj	presentation=2/declared=1/scripted=0/other=0	dungeon=4 maze=0 (1,3) spec:map; dungeon=4(ownership)	false
405	4	map/MirkwoodDeep/405.map	PVP无名	[3 4]	object=1015 -> monster=3 level=5 ref=MapObject/Trap/GoblinBunker/GoblinBunker.obj; object=1015 -> monster=3 level=6 ref=MapObject/Trap/GoblinBunker/GoblinBunker.obj; object=1015 -> monster=4 level=6 ref=MapObject/Trap/GoblinBunker/GoblinBunker.obj; object=1015 -> monster=4 level=6 ref=MapObject/Trap/GoblinBunker/GoblinBunker.obj; object=221 -> monster=6 level=6 ref=MapObject/BreakableObject/Barrel.obj	presentation=2/declared=2/scripted=0/other=0	dungeon=4 maze=0 (0,2) spec:map; dungeon=4(ownership)	false
406	4	map/MirkwoodDeep/406.map	PVP无名	[3 4 282]	object=221 -> monster=2 level=4 ref=MapObject/BreakableObject/Barrel.obj; object=221 -> monster=3 level=6 ref=MapObject/BreakableObject/Barrel.obj	presentation=2/declared=4/scripted=0/other=0	dungeon=4 maze=0 (1,3) spec:map; dungeon=4(ownership)	false
407	4	map/MirkwoodDeep/407.map	PVP无名	[3 4 281]	object=1015 -> monster=3 level=5 ref=MapObject/Trap/GoblinBunker/GoblinBunker.obj; object=1015 -> monster=4 level=5 ref=MapObject/Trap/GoblinBunker/GoblinBunker.obj; object=1015 -> monster=6 level=5 ref=MapObject/Trap/GoblinBunker/GoblinBunker.obj	presentation=2/declared=3/scripted=0/other=0	dungeon=4 maze=0 (1,2) spec:map; dungeon=4(ownership)	false
408	4	map/MirkwoodDeep/408.map	PVP无名	[3 4]	object=1015 -> monster=2 level=6 ref=MapObject/Trap/GoblinBunker/GoblinBunker.obj; object=1015 -> monster=3 level=6 ref=MapObject/Trap/GoblinBunker/GoblinBunker.obj	presentation=2/declared=3/scripted=0/other=0	dungeon=4 maze=0 (2,2) spec:map; dungeon=4(ownership)	false
409	4	map/MirkwoodDeep/409.map	PVP无名	[3 4]	object=1015 -> monster=4 level=6 ref=MapObject/Trap/GoblinBunker/GoblinBunker.obj; object=1015 -> monster=6 level=5 ref=MapObject/Trap/GoblinBunker/GoblinBunker.obj	presentation=2/declared=2/scripted=0/other=0	dungeon=4 maze=0 (0,1) spec:map; dungeon=4(ownership)	false
410	4	map/MirkwoodDeep/410.map	PVP无名	[3 4 221 231]	object=1015 -> monster=3 level=6 ref=MapObject/Trap/GoblinBunker/GoblinBunker.obj; object=1015 -> monster=3 level=6 ref=MapObject/Trap/GoblinBunker/GoblinBunker.obj; object=1015 -> monster=3 level=6 ref=MapObject/Trap/GoblinBunker/GoblinBunker.obj; object=1015 -> monster=4 level=6 ref=MapObject/Trap/GoblinBunker/GoblinBunker.obj; object=1015 -> monster=4 level=6 ref=MapObject/Trap/GoblinBunker/GoblinBunker.obj; object=1015 -> monster=6 level=6 ref=MapObject/Trap/GoblinBunker/GoblinBunker.obj	presentation=2/declared=4/scripted=0/other=0	dungeon=4(ownership)	false
411	4	map/MirkwoodDeep/411.map	PVP无名	[3 4 221]	object=1015 -> monster=3 level=6 ref=MapObject/Trap/GoblinBunker/GoblinBunker.obj; object=1015 -> monster=3 level=6 ref=MapObject/Trap/GoblinBunker/GoblinBunker.obj; object=1015 -> monster=4 level=6 ref=MapObject/Trap/GoblinBunker/GoblinBunker.obj; object=1015 -> monster=4 level=6 ref=MapObject/Trap/GoblinBunker/GoblinBunker.obj; object=1015 -> monster=6 level=6 ref=MapObject/Trap/GoblinBunker/GoblinBunker.obj; object=1015 -> monster=6 level=6 ref=MapObject/Trap/GoblinBunker/GoblinBunker.obj; object=221 -> monster=3 level=5 ref=MapObject/BreakableObject/Barrel.obj; object=221 -> monster=3 level=5 ref=MapObject/BreakableObject/Barrel.obj; object=221 -> monster=3 level=6 ref=MapObject/BreakableObject/Barrel.obj; object=221 -> monster=3 level=6 ref=MapObject/BreakableObject/Barrel.obj; object=221 -> monster=4 level=5 ref=MapObject/BreakableObject/Barrel.obj; object=221 -> monster=4 level=6 ref=MapObject/BreakableObject/Barrel.obj; object=221 -> monster=4 level=6 ref=MapObject/BreakableObject/Barrel.obj; object=221 -> monster=4 level=6 ref=MapObject/BreakableObject/Barrel.obj	presentation=2/declared=2/scripted=0/other=0	dungeon=4 maze=0 (1,1) spec:map; dungeon=4(ownership)	false
412	4	map/MirkwoodDeep/412.map	PVP无名	[3 4 283]	object=221 -> monster=4 level=6 ref=MapObject/BreakableObject/Barrel.obj; object=221 -> monster=4 level=6 ref=MapObject/BreakableObject/Barrel.obj; object=221 -> monster=4 level=6 ref=MapObject/BreakableObject/Barrel.obj; object=221 -> monster=6 level=6 ref=MapObject/BreakableObject/Barrel.obj	presentation=2/declared=5/scripted=0/other=0	dungeon=4 maze=0 (2,1) spec:map; dungeon=4(ownership)	false
413	4	map/MirkwoodDeep/413.map	PVP无名	[3 4 245 246 261 282]	object=1015 -> monster=3 level=6 ref=MapObject/Trap/GoblinBunker/GoblinBunker.obj; object=1015 -> monster=3 level=6 ref=MapObject/Trap/GoblinBunker/GoblinBunker.obj; object=1015 -> monster=4 level=6 ref=MapObject/Trap/GoblinBunker/GoblinBunker.obj; object=1015 -> monster=4 level=6 ref=MapObject/Trap/GoblinBunker/GoblinBunker.obj; object=1015 -> monster=6 level=6 ref=MapObject/Trap/GoblinBunker/GoblinBunker.obj; object=1015 -> monster=6 level=6 ref=MapObject/Trap/GoblinBunker/GoblinBunker.obj	presentation=2/declared=7/scripted=0/other=0	dungeon=4 maze=0 (0,0) spec:map; dungeon=4 maze=0 (1,0) spec:map; dungeon=4(ownership)	false
414	4	map/MirkwoodDeep/414.map	PVP无名	[3 4 245 246 261 286]	object=221 -> monster=3 level=5 ref=MapObject/BreakableObject/Barrel.obj; object=221 -> monster=4 level=6 ref=MapObject/BreakableObject/Barrel.obj	presentation=2/declared=6/scripted=0/other=0	dungeon=4 maze=0 (2,1) spec:map; dungeon=4(ownership)	false
415	4	map/MirkwoodDeep/415.map	PVP无名	[3 4 282 284 286]	object=221 -> monster=3 level=6 ref=MapObject/BreakableObject/Barrel.obj; object=221 -> monster=4 level=6 ref=MapObject/BreakableObject/Barrel.obj	presentation=2/declared=7/scripted=0/other=0	dungeon=4 maze=0 (0,0) spec:map; dungeon=4 maze=0 (1,0) spec:map; dungeon=4(ownership)	false
416	4	map/MirkwoodDeep/416.map	PVP无名	[3 4 245 246 261 281]	object=1015 -> monster=3 level=6 ref=MapObject/Trap/GoblinBunker/GoblinBunker.obj; object=1015 -> monster=3 level=6 ref=MapObject/Trap/GoblinBunker/GoblinBunker.obj; object=1015 -> monster=4 level=6 ref=MapObject/Trap/GoblinBunker/GoblinBunker.obj; object=1015 -> monster=4 level=6 ref=MapObject/Trap/GoblinBunker/GoblinBunker.obj; object=1015 -> monster=6 level=6 ref=MapObject/Trap/GoblinBunker/GoblinBunker.obj; object=1015 -> monster=6 level=6 ref=MapObject/Trap/GoblinBunker/GoblinBunker.obj	presentation=2/declared=6/scripted=0/other=0	dungeon=4 maze=0 (2,0) spec:map; dungeon=4(ownership)	false
417	4	map/MirkwoodDeep/417.map	PVP无名	[3 4 281]	object=1015 -> monster=4 level=6 ref=MapObject/Trap/GoblinBunker/GoblinBunker.obj; object=1015 -> monster=6 level=5 ref=MapObject/Trap/GoblinBunker/GoblinBunker.obj	presentation=2/declared=4/scripted=0/other=0	dungeon=4 maze=0 (0,1) spec:map; dungeon=4(ownership)	false
418	4	map/MirkwoodDeep/418.map	PVP无名	[3 4]	object=1015 -> monster=3 level=5 ref=MapObject/Trap/GoblinBunker/GoblinBunker.obj; object=1015 -> monster=3 level=6 ref=MapObject/Trap/GoblinBunker/GoblinBunker.obj; object=1015 -> monster=4 level=6 ref=MapObject/Trap/GoblinBunker/GoblinBunker.obj; object=1015 -> monster=4 level=6 ref=MapObject/Trap/GoblinBunker/GoblinBunker.obj; object=221 -> monster=6 level=6 ref=MapObject/BreakableObject/Barrel.obj	presentation=2/declared=2/scripted=0/other=0	dungeon=4 maze=0 (0,2) spec:map; dungeon=4(ownership)	false
419	4	map/MirkwoodDeep/419.map	PVP无名	[3 4 231]	object=1015 -> monster=3 level=6 ref=MapObject/Trap/GoblinBunker/GoblinBunker.obj; object=1015 -> monster=4 level=6 ref=MapObject/Trap/GoblinBunker/GoblinBunker.obj	presentation=2/declared=2/scripted=0/other=0	dungeon=4 maze=0 (2,2) spec:map; dungeon=4(ownership)	false
420	4	map/MirkwoodDeep/420.map	PVP无名	[3 4 221 281 282]	object=1015 -> monster=3 level=5 ref=MapObject/Trap/GoblinBunker/GoblinBunker.obj; object=1015 -> monster=4 level=5 ref=MapObject/Trap/GoblinBunker/GoblinBunker.obj; object=1015 -> monster=6 level=5 ref=MapObject/Trap/GoblinBunker/GoblinBunker.obj	presentation=2/declared=5/scripted=0/other=0	dungeon=4 maze=0 (1,2) spec:map; dungeon=4(ownership)	false
421	4	map/MirkwoodDeep/421.map	PVP无名	[3 4 221 286]	object=221 -> monster=5 level=6 ref=MapObject/BreakableObject/Barrel.obj; object=221 -> monster=6 level=7 ref=MapObject/BreakableObject/Barrel.obj	presentation=2/declared=2/scripted=0/other=0	dungeon=4(ownership)	false
422	4	map/MirkwoodDeep/422.map	PVP无名	[3 4 221]	object=1015 -> monster=2 level=5 ref=MapObject/Trap/GoblinBunker/GoblinBunker.obj; object=1015 -> monster=3 level=6 ref=MapObject/Trap/GoblinBunker/GoblinBunker.obj; object=1015 -> monster=3 level=6 ref=MapObject/Trap/GoblinBunker/GoblinBunker.obj; object=1015 -> monster=3 level=6 ref=MapObject/Trap/GoblinBunker/GoblinBunker.obj; object=1015 -> monster=4 level=6 ref=MapObject/Trap/GoblinBunker/GoblinBunker.obj; object=1015 -> monster=4 level=6 ref=MapObject/Trap/GoblinBunker/GoblinBunker.obj; object=1015 -> monster=4 level=6 ref=MapObject/Trap/GoblinBunker/GoblinBunker.obj; object=1015 -> monster=5 level=6 ref=MapObject/Trap/GoblinBunker/GoblinBunker.obj; object=1015 -> monster=6 level=6 ref=MapObject/Trap/GoblinBunker/GoblinBunker.obj; object=221 -> monster=3 level=5 ref=MapObject/BreakableObject/Barrel.obj; object=221 -> monster=3 level=5 ref=MapObject/BreakableObject/Barrel.obj; object=221 -> monster=3 level=6 ref=MapObject/BreakableObject/Barrel.obj; object=221 -> monster=3 level=6 ref=MapObject/BreakableObject/Barrel.obj; object=221 -> monster=4 level=5 ref=MapObject/BreakableObject/Barrel.obj; object=221 -> monster=4 level=6 ref=MapObject/BreakableObject/Barrel.obj; object=221 -> monster=4 level=6 ref=MapObject/BreakableObject/Barrel.obj; object=221 -> monster=4 level=6 ref=MapObject/BreakableObject/Barrel.obj	presentation=2/declared=3/scripted=0/other=0	dungeon=4(ownership)	false
423	4	map/MirkwoodDeep/423.map	PVP无名	[3 4 221 231 282 283]	object=1015 -> monster=3 level=6 ref=MapObject/Trap/GoblinBunker/GoblinBunker.obj; object=1015 -> monster=3 level=6 ref=MapObject/Trap/GoblinBunker/GoblinBunker.obj; object=1015 -> monster=3 level=6 ref=MapObject/Trap/GoblinBunker/GoblinBunker.obj; object=1015 -> monster=4 level=6 ref=MapObject/Trap/GoblinBunker/GoblinBunker.obj; object=1015 -> monster=4 level=6 ref=MapObject/Trap/GoblinBunker/GoblinBunker.obj; object=1015 -> monster=6 level=6 ref=MapObject/Trap/GoblinBunker/GoblinBunker.obj	presentation=2/declared=6/scripted=0/other=0	dungeon=4(ownership)	false
424	4	map/MirkwoodDeep/424.map	PVP无名	[3 4 221 245 246 261 282]	object=1015 -> monster=2 level=6 ref=MapObject/Trap/GoblinBunker/GoblinBunker.obj; object=1015 -> monster=2 level=6 ref=MapObject/Trap/GoblinBunker/GoblinBunker.obj; object=1015 -> monster=2 level=6 ref=MapObject/Trap/GoblinBunker/GoblinBunker.obj; object=1015 -> monster=3 level=6 ref=MapObject/Trap/GoblinBunker/GoblinBunker.obj; object=1015 -> monster=3 level=6 ref=MapObject/Trap/GoblinBunker/GoblinBunker.obj; object=1015 -> monster=4 level=6 ref=MapObject/Trap/GoblinBunker/GoblinBunker.obj; object=221 -> monster=2 level=5 ref=MapObject/BreakableObject/Barrel.obj; object=221 -> monster=2 level=5 ref=MapObject/BreakableObject/Barrel.obj; object=221 -> monster=2 level=6 ref=MapObject/BreakableObject/Barrel.obj; object=221 -> monster=2 level=6 ref=MapObject/BreakableObject/Barrel.obj	presentation=2/declared=7/scripted=0/other=0	dungeon=4 maze=0 (1,1) spec:map; dungeon=4(ownership)	false
426	4	map/MirkwoodDeep/426.map	PVP无名	[3 4 282 284 286]	object=221 -> monster=3 level=6 ref=MapObject/BreakableObject/Barrel.obj; object=221 -> monster=4 level=6 ref=MapObject/BreakableObject/Barrel.obj	presentation=2/declared=7/scripted=0/other=0	dungeon=4(ownership)	false
428	4	map/MirkwoodDeep/b416.map	PVP无名	[3 4 283]	object=1015 -> monster=3 level=6 ref=MapObject/Trap/GoblinBunker/GoblinBunker.obj; object=1015 -> monster=3 level=6 ref=MapObject/Trap/GoblinBunker/GoblinBunker.obj; object=1015 -> monster=3 level=6 ref=MapObject/Trap/GoblinBunker/GoblinBunker.obj; object=1015 -> monster=4 level=6 ref=MapObject/Trap/GoblinBunker/GoblinBunker.obj; object=1015 -> monster=4 level=6 ref=MapObject/Trap/GoblinBunker/GoblinBunker.obj; object=1015 -> monster=4 level=6 ref=MapObject/Trap/GoblinBunker/GoblinBunker.obj; object=1015 -> monster=5 level=7 ref=MapObject/Trap/GoblinBunker/GoblinBunker.obj; object=1015 -> monster=6 level=6 ref=MapObject/Trap/GoblinBunker/GoblinBunker.obj; object=1015 -> monster=6 level=6 ref=MapObject/Trap/GoblinBunker/GoblinBunker.obj	presentation=2/declared=3/scripted=0/other=0	dungeon=4(ownership)	false
432	4	map/MirkwoodDeep/e403(1,0).map	PVP无名	[3 4]	object=221 -> monster=3 level=5 ref=MapObject/BreakableObject/Barrel.obj	presentation=2/declared=2/scripted=0/other=0	dungeon=4(ownership)	false
433	4	map/MirkwoodDeep/e409(3,0).map	PVP无名	[3 4 221 283]	object=221 -> monster=3 level=5 ref=MapObject/BreakableObject/Barrel.obj	presentation=2/declared=3/scripted=0/other=0	dungeon=4(ownership)	false
434	4	map/MirkwoodDeep/e421(1,3).map	PVP无名	[3 4 221 283]	object=221 -> monster=3 level=5 ref=MapObject/BreakableObject/Barrel.obj	presentation=2/declared=3/scripted=0/other=0	dungeon=4(ownership)	false
435	4	map/MirkwoodDeep/e427(3,3).map	PVP无名	[3 4]	object=221 -> monster=4 level=5 ref=MapObject/BreakableObject/Barrel.obj	presentation=2/declared=2/scripted=0/other=0	dungeon=4(ownership)	false
436	4	map/MirkwoodDeep/n404(1,0).map	PVP无名	[3 4]	object=1015 -> monster=3 level=6 ref=MapObject/Trap/GoblinBunker/GoblinBunker.obj; object=1015 -> monster=3 level=6 ref=MapObject/Trap/GoblinBunker/GoblinBunker.obj; object=1015 -> monster=4 level=6 ref=MapObject/Trap/GoblinBunker/GoblinBunker.obj; object=1015 -> monster=4 level=6 ref=MapObject/Trap/GoblinBunker/GoblinBunker.obj; object=221 -> monster=3 level=6 ref=MapObject/BreakableObject/Barrel.obj; object=221 -> monster=4 level=6 ref=MapObject/BreakableObject/Barrel.obj	presentation=2/declared=3/scripted=0/other=0	dungeon=4(ownership)	false
437	4	map/MirkwoodDeep/n405(1,1).map	PVP无名	[3 4 221 231 281 282 286]	object=221 -> monster=3 level=6 ref=MapObject/BreakableObject/Barrel.obj; object=221 -> monster=4 level=6 ref=MapObject/BreakableObject/Barrel.obj	presentation=2/declared=6/scripted=0/other=0	dungeon=4(ownership)	false
438	4	map/MirkwoodDeep/n406(1,1).map	PVP无名	[3 4 221 231 281]	object=221 -> monster=3 level=6 ref=MapObject/BreakableObject/Barrel.obj; object=221 -> monster=4 level=6 ref=MapObject/BreakableObject/Barrel.obj; object=221 -> monster=4 level=6 ref=MapObject/BreakableObject/Barrel.obj	presentation=2/declared=4/scripted=0/other=0	dungeon=4(ownership)	false
439	4	map/MirkwoodDeep/n410(3,0).map	PVP无名	[3 4 286]	object=221 -> monster=3 level=6 ref=MapObject/BreakableObject/Barrel.obj; object=221 -> monster=3 level=6 ref=MapObject/BreakableObject/Barrel.obj	presentation=2/declared=3/scripted=0/other=0	dungeon=4(ownership)	false
440	4	map/MirkwoodDeep/n411(2,0).map	PVP无名	[3 4 221 286]	object=221 -> monster=3 level=6 ref=MapObject/BreakableObject/Barrel.obj; object=221 -> monster=4 level=6 ref=MapObject/BreakableObject/Barrel.obj	presentation=2/declared=4/scripted=0/other=0	dungeon=4(ownership)	false
441	4	map/MirkwoodDeep/n412(2,0).map	PVP无名	[3 4 221 231]	object=221 -> monster=3 level=6 ref=MapObject/BreakableObject/Barrel.obj; object=221 -> monster=4 level=6 ref=MapObject/BreakableObject/Barrel.obj; object=221 -> monster=4 level=6 ref=MapObject/BreakableObject/Barrel.obj	presentation=2/declared=3/scripted=0/other=0	dungeon=4(ownership)	false
442	4	map/MirkwoodDeep/n413(2,1).map	PVP无名	[3 4 221 283]	object=221 -> monster=3 level=6 ref=MapObject/BreakableObject/Barrel.obj; object=221 -> monster=3 level=6 ref=MapObject/BreakableObject/Barrel.obj; object=221 -> monster=3 level=6 ref=MapObject/BreakableObject/Barrel.obj; object=221 -> monster=3 level=6 ref=MapObject/BreakableObject/Barrel.obj; object=221 -> monster=3 level=6 ref=MapObject/BreakableObject/Barrel.obj; object=221 -> monster=3 level=6 ref=MapObject/BreakableObject/Barrel.obj; object=221 -> monster=3 level=6 ref=MapObject/BreakableObject/Barrel.obj	presentation=2/declared=4/scripted=0/other=0	dungeon=4(ownership)	false
443	4	map/MirkwoodDeep/n414(2,1).map	PVP无名	[3 4 221 283]	object=221 -> monster=3 level=6 ref=MapObject/BreakableObject/Barrel.obj; object=221 -> monster=3 level=6 ref=MapObject/BreakableObject/Barrel.obj; object=221 -> monster=3 level=6 ref=MapObject/BreakableObject/Barrel.obj; object=221 -> monster=3 level=6 ref=MapObject/BreakableObject/Barrel.obj; object=221 -> monster=3 level=6 ref=MapObject/BreakableObject/Barrel.obj; object=221 -> monster=3 level=6 ref=MapObject/BreakableObject/Barrel.obj; object=221 -> monster=3 level=6 ref=MapObject/BreakableObject/Barrel.obj	presentation=2/declared=4/scripted=0/other=0	dungeon=4(ownership)	false
444	4	map/MirkwoodDeep/n415(2,1).map	PVP无名	[3 4 231 245 246]	object=221 -> monster=5001 level=6 ref=MapObject/BreakableObject/Barrel.obj; object=221 -> monster=5001 level=6 ref=MapObject/BreakableObject/Barrel.obj; object=221 -> monster=5001 level=6 ref=MapObject/BreakableObject/Barrel.obj; object=221 -> monster=5001 level=6 ref=MapObject/BreakableObject/Barrel.obj	presentation=2/declared=4/scripted=0/other=0	dungeon=4(ownership)	false
445	4	map/MirkwoodDeep/n422(1,3).map	PVP无名	[3 4 286]	object=221 -> monster=3 level=6 ref=MapObject/BreakableObject/Barrel.obj; object=221 -> monster=3 level=6 ref=MapObject/BreakableObject/Barrel.obj	presentation=2/declared=3/scripted=0/other=0	dungeon=4(ownership)	false
446	4	map/MirkwoodDeep/n423(2,3).map	PVP无名	[3 4 221 231 286]	object=221 -> monster=3 level=6 ref=MapObject/BreakableObject/Barrel.obj	presentation=2/declared=4/scripted=0/other=0	dungeon=4(ownership)	false
447	5	map/MirkwoodDeep/n424(2,3).map	PVP无名	[3 4 221 231]	object=221 -> monster=3 level=6 ref=MapObject/BreakableObject/Barrel.obj; object=221 -> monster=4 level=6 ref=MapObject/BreakableObject/Barrel.obj; object=221 -> monster=4 level=6 ref=MapObject/BreakableObject/Barrel.obj	presentation=2/declared=3/scripted=0/other=0	dungeon=4(ownership)	false
448	4	map/MirkwoodDeep/n428(3,3).map	PVP无名	[3 4 221]	object=1015 -> monster=3 level=6 ref=MapObject/Trap/GoblinBunker/GoblinBunker.obj; object=1015 -> monster=3 level=6 ref=MapObject/Trap/GoblinBunker/GoblinBunker.obj; object=1015 -> monster=4 level=6 ref=MapObject/Trap/GoblinBunker/GoblinBunker.obj; object=1015 -> monster=4 level=6 ref=MapObject/Trap/GoblinBunker/GoblinBunker.obj; object=221 -> monster=3 level=6 ref=MapObject/BreakableObject/Barrel.obj; object=221 -> monster=4 level=6 ref=MapObject/BreakableObject/Barrel.obj	presentation=2/declared=3/scripted=0/other=0	dungeon=4(ownership)	false
449	4	map/MirkwoodDeep/n429(3,2).map	PVP无名	[3 4 221 231 281 282 286]	object=221 -> monster=3 level=6 ref=MapObject/BreakableObject/Barrel.obj; object=221 -> monster=4 level=6 ref=MapObject/BreakableObject/Barrel.obj	presentation=2/declared=6/scripted=0/other=0	dungeon=4(ownership)	false
450	4	map/MirkwoodDeep/n430(3,2).map	PVP无名	[3 4 221 231 281]	object=221 -> monster=3 level=6 ref=MapObject/BreakableObject/Barrel.obj; object=221 -> monster=4 level=6 ref=MapObject/BreakableObject/Barrel.obj; object=221 -> monster=4 level=6 ref=MapObject/BreakableObject/Barrel.obj	presentation=2/declared=4/scripted=0/other=0	dungeon=4(ownership)	false
451	4	map/MirkwoodDeep/n431(2,2).map	PVP无名	[3 4 221 231]	object=221 -> monster=3 level=6 ref=MapObject/BreakableObject/Barrel.obj; object=221 -> monster=3 level=6 ref=MapObject/BreakableObject/Barrel.obj; object=221 -> monster=3 level=6 ref=MapObject/BreakableObject/Barrel.obj; object=221 -> monster=3 level=6 ref=MapObject/BreakableObject/Barrel.obj	presentation=2/declared=3/scripted=0/other=0	dungeon=4(ownership)	false
452	4	map/MirkwoodDeep/n432(2,2).map	PVP无名	[3 4 231 245 246]	object=221 -> monster=3 level=6 ref=MapObject/BreakableObject/Barrel.obj; object=221 -> monster=3 level=6 ref=MapObject/BreakableObject/Barrel.obj; object=221 -> monster=3 level=6 ref=MapObject/BreakableObject/Barrel.obj; object=221 -> monster=3 level=6 ref=MapObject/BreakableObject/Barrel.obj	presentation=2/declared=4/scripted=0/other=0	dungeon=4(ownership)	false
453	4	map/MirkwoodDeep/n433(2,2).map	PVP无名	[3 4 231]	object=1015 -> monster=3 level=6 ref=MapObject/Trap/GoblinBunker/GoblinBunker.obj; object=1015 -> monster=3 level=6 ref=MapObject/Trap/GoblinBunker/GoblinBunker.obj; object=1015 -> monster=4 level=6 ref=MapObject/Trap/GoblinBunker/GoblinBunker.obj; object=1015 -> monster=4 level=6 ref=MapObject/Trap/GoblinBunker/GoblinBunker.obj; object=221 -> monster=3 level=6 ref=MapObject/BreakableObject/Barrel.obj; object=221 -> monster=3 level=6 ref=MapObject/BreakableObject/Barrel.obj; object=221 -> monster=3 level=6 ref=MapObject/BreakableObject/Barrel.obj; object=221 -> monster=4 level=6 ref=MapObject/BreakableObject/Barrel.obj	presentation=2/declared=3/scripted=0/other=0	dungeon=4(ownership)	false
454	4	map/MirkwoodDeep/h402(0,0).map	PVP无名	[3 4 221 228]	object=221 -> monster=3 level=6 ref=MapObject/BreakableObject/Barrel.obj; object=221 -> monster=4 level=6 ref=MapObject/BreakableObject/Barrel.obj; object=221 -> monster=4 level=6 ref=MapObject/BreakableObject/Barrel.obj	presentation=2/declared=4/scripted=0/other=0	dungeon=4(ownership)	false
455	4	map/MirkwoodDeep/h408(4,0).map	PVP无名	[3 4 221 286]	object=1015 -> monster=3 level=6 ref=MapObject/Trap/GoblinBunker/GoblinBunker.obj; object=1015 -> monster=4 level=6 ref=MapObject/Trap/GoblinBunker/GoblinBunker.obj; object=221 -> monster=3 level=6 ref=MapObject/BreakableObject/Barrel.obj; object=221 -> monster=3 level=6 ref=MapObject/BreakableObject/Barrel.obj; object=221 -> monster=4 level=6 ref=MapObject/BreakableObject/Barrel.obj	presentation=2/declared=5/scripted=0/other=0	dungeon=4(ownership)	false
458	4	map/MirkwoodDeep/h420(0,3).map	PVP无名	[3 4 221 286]	object=1015 -> monster=3 level=6 ref=MapObject/Trap/GoblinBunker/GoblinBunker.obj; object=1015 -> monster=4 level=6 ref=MapObject/Trap/GoblinBunker/GoblinBunker.obj; object=221 -> monster=3 level=6 ref=MapObject/BreakableObject/Barrel.obj; object=221 -> monster=3 level=6 ref=MapObject/BreakableObject/Barrel.obj; object=221 -> monster=4 level=6 ref=MapObject/BreakableObject/Barrel.obj; object=221 -> monster=4 level=6 ref=MapObject/BreakableObject/Barrel.obj	presentation=2/declared=5/scripted=0/other=0	dungeon=4(ownership)	false
459	4	map/MirkwoodDeep/h426(4,3).map	PVP无名	[3 4 221]	object=221 -> monster=3 level=6 ref=MapObject/BreakableObject/Barrel.obj; object=221 -> monster=4 level=6 ref=MapObject/BreakableObject/Barrel.obj	presentation=2/declared=3/scripted=0/other=0	dungeon=4(ownership)	false
461	4	map/MirkwoodDeep/h436(0,2).map	PVP无名	[3 4 221 283 286]	object=1015 -> monster=3 level=6 ref=MapObject/Trap/GoblinBunker/GoblinBunker.obj; object=1015 -> monster=4 level=6 ref=MapObject/Trap/GoblinBunker/GoblinBunker.obj	presentation=2/declared=6/scripted=0/other=0	dungeon=4(ownership)	false
462	4	map/MirkwoodDeep/b417(4,1).map	PVP无名	[3 4 221 245 246 283]	object=1015 -> monster=3 level=6 ref=MapObject/Trap/GoblinBunker/GoblinBunker.obj; object=1015 -> monster=3 level=6 ref=MapObject/Trap/GoblinBunker/GoblinBunker.obj; object=1015 -> monster=4 level=6 ref=MapObject/Trap/GoblinBunker/GoblinBunker.obj; object=1015 -> monster=4 level=6 ref=MapObject/Trap/GoblinBunker/GoblinBunker.obj; object=1015 -> monster=6 level=6 ref=MapObject/Trap/GoblinBunker/GoblinBunker.obj	presentation=2/declared=7/scripted=0/other=0	dungeon=4(ownership)	false
605	4	map/Sunderland/e603.map	PVP无名	[291 292]	object=221 -> monster=10 level=8 ref=MapObject/BreakableObject/Barrel.obj; object=221 -> monster=13 level=8 ref=MapObject/BreakableObject/Barrel.obj; object=221 -> monster=5001 level=8 ref=MapObject/BreakableObject/Barrel.obj	presentation=0/declared=3/scripted=0/other=0	dungeon=5(ownership)	false
606	4	map/Sunderland/e604.map	PVP无名	[251 254 256 257 293 1009]	object=221 -> monster=10 level=8 ref=MapObject/BreakableObject/Barrel.obj; object=221 -> monster=10 level=8 ref=MapObject/BreakableObject/Barrel.obj; object=221 -> monster=10 level=8 ref=MapObject/BreakableObject/Barrel.obj; object=221 -> monster=11 level=7 ref=MapObject/BreakableObject/Barrel.obj; object=221 -> monster=13 level=9 ref=MapObject/BreakableObject/Barrel.obj; object=221 -> monster=13 level=9 ref=MapObject/BreakableObject/Barrel.obj; object=221 -> monster=5001 level=8 ref=MapObject/BreakableObject/Barrel.obj; object=221 -> monster=8 level=8 ref=MapObject/BreakableObject/Barrel.obj; object=221 -> monster=8 level=8 ref=MapObject/BreakableObject/Barrel.obj	presentation=0/declared=7/scripted=0/other=0	dungeon=5(ownership)	false
608	4	map/Sunderland/n602.map	PVP无名	[251 252 254 256 1009 1010]	object=221 -> monster=13 level=8 ref=MapObject/BreakableObject/Barrel.obj	presentation=0/declared=9/scripted=0/other=0	dungeon=5(ownership)	false
609	4	map/Sunderland/n603.map	PVP无名	[221 293]	object=221 -> monster=8 level=9 ref=MapObject/BreakableObject/Barrel.obj; object=221 -> monster=8 level=9 ref=MapObject/BreakableObject/Barrel.obj	presentation=0/declared=2/scripted=0/other=0	dungeon=5(ownership)	false
613	4	map/Sunderland/h602.map	PVP无名	[251 254 255 256 257 261 292 293 1009 1010]	object=221 -> monster=8 level=9 ref=MapObject/BreakableObject/Barrel.obj	presentation=0/declared=11/scripted=0/other=0	dungeon=5(ownership)	false
615	4	map/Sunderland/h604.map	PVP无名	[283 292 293 294 295]	object=221 -> monster=10 level=9 ref=MapObject/BreakableObject/Barrel.obj	presentation=0/declared=7/scripted=0/other=0	dungeon=5(ownership)	false
616	4	map/Sunderland/h605.map	PVP无名	[247 261 291 292 303]	object=221 -> monster=8 level=9 ref=MapObject/BreakableObject/Barrel.obj	presentation=0/declared=8/scripted=0/other=0	dungeon=5(ownership)	false
617	4	map/Sunderland/h606.map	PVP无名	[221 254 256 296 1008]	object=221 -> monster=10 level=9 ref=MapObject/BreakableObject/Barrel.obj; object=221 -> monster=13 level=9 ref=MapObject/BreakableObject/Barrel.obj	presentation=0/declared=6/scripted=0/other=0	dungeon=5(ownership)	false
628	4	map/Sunderland/h610.map	PVP无名	[221 247 248 261 292]	object=222 -> monster=6 level=9 ref=MapObject/BreakableObject/TreasureBox.obj	presentation=0/declared=8/scripted=0/other=0	dungeon=5(ownership)	false
632	4	map/Sunderland/e609.map	PVP无名	[221 227 228 231 247 248 292 296]	object=221 -> monster=6 level=9 ref=MapObject/BreakableObject/Barrel.obj	presentation=0/declared=8/scripted=0/other=0	dungeon=5(ownership)	false
635	4	map/Sunderland/h613.map	PVP无名	[221 231 247 248 292 296]	object=222 -> monster=10 level=9 ref=MapObject/BreakableObject/TreasureBox.obj	presentation=0/declared=9/scripted=0/other=0	dungeon=5(ownership)	false
638	4	map/Sunderland/h614.map	PVP无名	[231 247 248 292 296]	object=221 -> monster=10 level=9 ref=MapObject/BreakableObject/Barrel.obj	presentation=0/declared=8/scripted=0/other=0	dungeon=5(ownership)	false
802	4	map/SunderlandPoison/802.map	PVP无名	[221 247 251]	object=221 -> monster=6 level=6 ref=MapObject/BreakableObject/Barrel.obj	presentation=0/declared=4/scripted=0/other=0	dungeon=6(ownership)	false
803	4	map/SunderlandPoison/803.map	PVP无名	[221 247 248 291 292 293]	object=221 -> monster=5003 level=11 ref=MapObject/BreakableObject/Barrel.obj	presentation=0/declared=7/scripted=0/other=0	dungeon=6(ownership)	false
806	4	map/SunderlandPoison/s806.map	PVP无名	[251 256 1012]	object=221 -> monster=3 level=1 ref=MapObject/BreakableObject/Barrel.obj	presentation=0/declared=6/scripted=0/other=0	dungeon=6(ownership)	false
807	4	map/SunderlandPoison/807.map	PVP无名	[245 248 292 296]	object=221 -> monster=3 level=6 ref=MapObject/BreakableObject/Barrel.obj	presentation=0/declared=7/scripted=0/other=0	dungeon=6(ownership)	false
808	4	map/SunderlandPoison/808.map	PVP无名	[247 248 251 252 255 256 257 261 291 292 1009]	object=221 -> monster=5003 level=11 ref=MapObject/BreakableObject/Barrel.obj	presentation=0/declared=14/scripted=0/other=0	dungeon=6(ownership)	false
810	4	map/SunderlandPoison/810.map	PVP无名	[251 254 261 291 292 1009]	object=221 -> monster=5002 level=10 ref=MapObject/BreakableObject/Barrel.obj; object=221 -> monster=5003 level=10 ref=MapObject/BreakableObject/Barrel.obj	presentation=0/declared=8/scripted=0/other=0	dungeon=6(ownership)	false
811	4	map/SunderlandPoison/811.map	PVP无名	[251 254 256 257 292 296 1008]	object=221 -> monster=6 level=9 ref=MapObject/BreakableObject/Barrel.obj	presentation=0/declared=10/scripted=0/other=0	dungeon=6(ownership)	false
814	4	map/SunderlandPoison/s814.map	PVP无名	[247 254 257 296 1011]	object=221 -> monster=6 level=9 ref=MapObject/BreakableObject/Barrel.obj	presentation=0/declared=8/scripted=0/other=0	dungeon=6(ownership)	false
815	4	map/SunderlandPoison/815.map	PVP无名	[247 248 251 292]	object=221 -> monster=3 level=6 ref=MapObject/BreakableObject/Barrel.obj	presentation=0/declared=7/scripted=0/other=0	dungeon=6(ownership)	false
816	4	map/SunderlandPoison/816.map	PVP无名	[251 252 253 254 256 296 1009 1013]	object=221 -> monster=3 level=6 ref=MapObject/BreakableObject/Barrel.obj; object=221 -> monster=3 level=6 ref=MapObject/BreakableObject/Barrel.obj	presentation=0/declared=10/scripted=0/other=0	dungeon=6(ownership)	false
817	4	map/SunderlandPoison/817.map	PVP无名	[247 248 251 261 291 292 296]	object=221 -> monster=3 level=6 ref=MapObject/BreakableObject/Barrel.obj	presentation=0/declared=9/scripted=0/other=0	dungeon=6(ownership)	false
819	4	map/SunderlandPoison/819.map	PVP无名	[247 261 292]	object=221 -> monster=5002 level=10 ref=MapObject/BreakableObject/Barrel.obj	presentation=0/declared=5/scripted=0/other=0	dungeon=6(ownership)	false
820	4	map/SunderlandPoison/820.map	PVP无名	[247 248 251 256 291 292 296 1013]	object=221 -> monster=3 level=6 ref=MapObject/BreakableObject/Barrel.obj; object=221 -> monster=3 level=6 ref=MapObject/BreakableObject/Barrel.obj	presentation=0/declared=11/scripted=0/other=0	dungeon=6(ownership)	false
825	4	map/SunderlandPoison/825.map	PVP无名	[292]	object=221 -> monster=5002 level=10 ref=MapObject/BreakableObject/Barrel.obj	presentation=0/declared=3/scripted=0/other=0	dungeon=6(ownership)	false
828	4	map/SunderlandPoison/828.map	PVP无名	[247 251]	object=221 -> monster=5003 level=10 ref=MapObject/BreakableObject/Barrel.obj; object=221 -> monster=8 level=10 ref=MapObject/BreakableObject/Barrel.obj	presentation=0/declared=4/scripted=0/other=0	dungeon=6(ownership)	false
829	4	map/SunderlandPoison/829.map	PVP无名	[251 252 255 256 257 261 292 296 1013]	object=221 -> monster=3 level=6 ref=MapObject/BreakableObject/Barrel.obj	presentation=0/declared=11/scripted=0/other=0	dungeon=6(ownership)	false
830	4	map/SunderlandPoison/830.map	PVP无名	[247 248 261 291 292 293]	object=221 -> monster=8 level=11 ref=MapObject/BreakableObject/Barrel.obj	presentation=0/declared=7/scripted=0/other=0	dungeon=6(ownership)	false
831	4	map/SunderlandPoison/831.map	PVP无名	[247 248 261 291 292 293]	object=221 -> monster=5002 level=11 ref=MapObject/BreakableObject/Barrel.obj	presentation=0/declared=8/scripted=0/other=0	dungeon=6(ownership)	false
833	4	map/SunderlandPoison/833.map	PVP无名	[251 254 256 257 292 296 1008]	object=221 -> monster=6 level=9 ref=MapObject/BreakableObject/Barrel.obj	presentation=0/declared=10/scripted=0/other=0	dungeon=6(ownership)	false
835	4	map/SunderlandPoison/835.map	PVP无名	[247 248 251 252 255 256 257 261 291 292 1009 1013]	object=221 -> monster=5002 level=10 ref=MapObject/BreakableObject/Barrel.obj; object=221 -> monster=5002 level=10 ref=MapObject/BreakableObject/Barrel.obj	presentation=0/declared=15/scripted=0/other=0	dungeon=6(ownership)	false
836	4	map/SunderlandPoison/836.map	PVP无名	[247 261 292]	object=221 -> monster=5002 level=10 ref=MapObject/BreakableObject/Barrel.obj	presentation=0/declared=5/scripted=0/other=0	dungeon=6(ownership)	false
838	4	map/SunderlandPoison/838.map	PVP无名	[247 248 251 256 261 291 292 296 1013]	object=221 -> monster=3 level=6 ref=MapObject/BreakableObject/Barrel.obj; object=221 -> monster=8 level=10 ref=MapObject/BreakableObject/Barrel.obj	presentation=0/declared=12/scripted=0/other=0	dungeon=6(ownership)	false
841	4	map/SunderlandPoison/841.map	PVP无名	[247 248 251 261 291 292 296]	object=221 -> monster=5003 level=11 ref=MapObject/BreakableObject/Barrel.obj	presentation=0/declared=9/scripted=0/other=0	dungeon=6(ownership)	false
842	4	map/SunderlandPoison/842.map	PVP无名	[251 252 253 254 256 296 1009 1013]	object=221 -> monster=3 level=6 ref=MapObject/BreakableObject/Barrel.obj	presentation=0/declared=10/scripted=0/other=0	dungeon=6(ownership)	false
843	4	map/SunderlandPoison/843.map	PVP无名	[247 248 251 292]	object=221 -> monster=3 level=6 ref=MapObject/BreakableObject/Barrel.obj	presentation=0/declared=7/scripted=0/other=0	dungeon=6(ownership)	false
844	4	map/SunderlandPoison/844.map	PVP无名	[247 254 257 296 1011]	object=221 -> monster=8 level=11 ref=MapObject/BreakableObject/Barrel.obj	presentation=0/declared=7/scripted=0/other=0	dungeon=6(ownership)	false
846	4	map/SunderlandPoison/846.map	PVP无名	[247 248 251 292]	object=221 -> monster=6 level=9 ref=MapObject/BreakableObject/Barrel.obj	presentation=0/declared=7/scripted=0/other=0	dungeon=6(ownership)	false
847	4	map/SunderlandPoison/847.map	PVP无名	[247 248 292]	object=221 -> monster=3 level=6 ref=MapObject/BreakableObject/Barrel.obj; object=221 -> monster=6 level=10 ref=MapObject/BreakableObject/Barrel.obj	presentation=0/declared=5/scripted=0/other=0	dungeon=6(ownership)	false
848	4	map/SunderlandPoison/848.map	PVP无名	[247 248 291 292]	object=221 -> monster=3 level=6 ref=MapObject/BreakableObject/Barrel.obj; object=221 -> monster=6 level=10 ref=MapObject/BreakableObject/Barrel.obj	presentation=0/declared=6/scripted=0/other=0	dungeon=6(ownership)	false
851	4	map/SunderlandPoison/e803(2,0).map	PVP无名	[221 252 253 254 255 256 257 1009]	object=221 -> monster=3 level=6 ref=MapObject/BreakableObject/Barrel.obj; object=221 -> monster=3 level=6 ref=MapObject/BreakableObject/Barrel.obj	presentation=0/declared=9/scripted=0/other=0	dungeon=6(ownership)	false
852	4	map/SunderlandPoison/e817(1,2).map	PVP无名	[221 252 254 256 257 296 1009]	object=221 -> monster=3 level=6 ref=MapObject/BreakableObject/Barrel.obj; object=221 -> monster=3 level=6 ref=MapObject/BreakableObject/Barrel.obj	presentation=0/declared=8/scripted=0/other=0	dungeon=6(ownership)	false
853	4	map/SunderlandPoison/n802(1,0).map	PVP无名	[247 292]	object=221 -> monster=3 level=6 ref=MapObject/BreakableObject/Barrel.obj	presentation=0/declared=5/scripted=0/other=0	dungeon=6(ownership)	false
855	4	map/SunderlandPoison/n805(3,0).map	PVP无名	[231 247 261 286]	object=221 -> monster=3 level=6 ref=MapObject/BreakableObject/Barrel.obj; object=221 -> monster=6 level=10 ref=MapObject/BreakableObject/Barrel.obj	presentation=0/declared=5/scripted=0/other=0	dungeon=6(ownership)	false
856	4	map/SunderlandPoison/n806(3,0).map	PVP无名	[221 231 247 296]	object=221 -> monster=3 level=6 ref=MapObject/BreakableObject/Barrel.obj; object=221 -> monster=6 level=10 ref=MapObject/BreakableObject/Barrel.obj	presentation=0/declared=4/scripted=0/other=0	dungeon=6(ownership)	false
858	4	map/SunderlandPoison/n808(3,1).map	PVP无名	[251 293 1011 1012 3000 3001 3003 3004 3005]	object=221 -> monster=5002 level=11 ref=MapObject/BreakableObject/Barrel.obj; object=221 -> monster=5003 level=11 ref=MapObject/BreakableObject/Barrel.obj	presentation=0/declared=11/scripted=0/other=0	dungeon=6(ownership)	false
859	4	map/SunderlandPoison/n809(2,1).map	PVP无名	[292]	object=221 -> monster=8 level=11 ref=MapObject/BreakableObject/Barrel.obj	presentation=0/declared=4/scripted=0/other=0	dungeon=6(ownership)	false
860	4	map/SunderlandPoison/n816(0,2).map	PVP无名	[247 292]	object=221 -> monster=3 level=6 ref=MapObject/BreakableObject/Barrel.obj; object=221 -> monster=3 level=6 ref=MapObject/BreakableObject/Barrel.obj	presentation=0/declared=5/scripted=0/other=0	dungeon=6(ownership)	false
862	4	map/SunderlandPoison/n819(1,3).map	PVP无名	[231 247 261 286]	object=221 -> monster=3 level=6 ref=MapObject/BreakableObject/Barrel.obj; object=221 -> monster=3 level=6 ref=MapObject/BreakableObject/Barrel.obj; object=221 -> monster=6 level=10 ref=MapObject/BreakableObject/Barrel.obj	presentation=0/declared=5/scripted=0/other=0	dungeon=6(ownership)	false
863	4	map/SunderlandPoison/n820(1,3).map	PVP无名	[221 247 296]	object=221 -> monster=3 level=6 ref=MapObject/BreakableObject/Barrel.obj; object=221 -> monster=3 level=6 ref=MapObject/BreakableObject/Barrel.obj; object=221 -> monster=6 level=10 ref=MapObject/BreakableObject/Barrel.obj	presentation=0/declared=4/scripted=0/other=0	dungeon=6(ownership)	false
865	4	map/SunderlandPoison/n822(2,3).map	PVP无名	[251 254 255 256 257 293 1008 1009 1010 1011 3000 3001 3002 3003 3005]	object=221 -> monster=5002 level=11 ref=MapObject/BreakableObject/Barrel.obj; object=221 -> monster=5003 level=11 ref=MapObject/BreakableObject/Barrel.obj	presentation=0/declared=17/scripted=0/other=0	dungeon=6(ownership)	false
866	4	map/SunderlandPoison/n823(3,3).map	PVP无名	[231 247 261]	object=221 -> monster=8 level=11 ref=MapObject/BreakableObject/Barrel.obj; object=221 -> monster=8 level=11 ref=MapObject/BreakableObject/Barrel.obj	presentation=0/declared=5/scripted=0/other=0	dungeon=6(ownership)	false
867	4	map/SunderlandPoison/n824(3,3).map	PVP无名	[221 247 251 252 254 1008 1009 1011 3000]	object=221 -> monster=8 level=11 ref=MapObject/BreakableObject/Barrel.obj; object=221 -> monster=8 level=11 ref=MapObject/BreakableObject/Barrel.obj	presentation=0/declared=10/scripted=0/other=0	dungeon=6(ownership)	false
868	4	map/SunderlandPoison/h810(4,1).map	PVP无名	[231 247 261]	object=221 -> monster=8 level=11 ref=MapObject/BreakableObject/Barrel.obj; object=221 -> monster=8 level=11 ref=MapObject/BreakableObject/Barrel.obj	presentation=0/declared=4/scripted=0/other=0	dungeon=6(ownership)	false
869	4	map/SunderlandPoison/h811(4,1).map	PVP无名	[247 251 252 254 1008 1009 1011 3000]	object=221 -> monster=8 level=11 ref=MapObject/BreakableObject/Barrel.obj; object=221 -> monster=8 level=11 ref=MapObject/BreakableObject/Barrel.obj	presentation=0/declared=10/scripted=0/other=0	dungeon=6(ownership)	false
873	4	map/SunderlandPoison/h826(3,2).map	PVP无名	[251 254 256 257 1008 1009]	object=221 -> monster=5002 level=11 ref=MapObject/BreakableObject/Barrel.obj; object=221 -> monster=5003 level=11 ref=MapObject/BreakableObject/Barrel.obj; object=221 -> monster=5003 level=11 ref=MapObject/BreakableObject/Barrel.obj	presentation=0/declared=9/scripted=0/other=0	dungeon=6(ownership)	false
875	4	map/SunderlandPoison/h829(4,2).map	PVP无名	[261 296]	object=221 -> monster=3 level=6 ref=MapObject/BreakableObject/Barrel.obj; object=221 -> monster=3 level=6 ref=MapObject/BreakableObject/Barrel.obj; object=221 -> monster=3 level=6 ref=MapObject/BreakableObject/Barrel.obj; object=221 -> monster=3 level=6 ref=MapObject/BreakableObject/Barrel.obj; object=221 -> monster=3 level=6 ref=MapObject/BreakableObject/Barrel.obj; object=221 -> monster=3 level=6 ref=MapObject/BreakableObject/Barrel.obj	presentation=0/declared=5/scripted=0/other=0	dungeon=6(ownership)	false
876	4	map/SunderlandPoison/h830(4,2).map	PVP无名	[261 296]	object=221 -> monster=3 level=6 ref=MapObject/BreakableObject/Barrel.obj; object=221 -> monster=3 level=6 ref=MapObject/BreakableObject/Barrel.obj; object=221 -> monster=3 level=6 ref=MapObject/BreakableObject/Barrel.obj; object=221 -> monster=3 level=6 ref=MapObject/BreakableObject/Barrel.obj	presentation=0/declared=4/scripted=0/other=0	dungeon=6(ownership)	false
877	4	map/SunderlandPoison/h832(4,3).map	PVP无名	[231 247 261]	object=221 -> monster=5002 level=11 ref=MapObject/BreakableObject/Barrel.obj; object=221 -> monster=5003 level=11 ref=MapObject/BreakableObject/Barrel.obj	presentation=0/declared=5/scripted=0/other=0	dungeon=6(ownership)	false
880	4	map/SunderlandPoison/b831(4,3).map	PVP无名	[231 247 261]	object=221 -> monster=5002 level=11 ref=MapObject/BreakableObject/Barrel.obj; object=221 -> monster=5002 level=11 ref=MapObject/BreakableObject/Barrel.obj; object=221 -> monster=5003 level=11 ref=MapObject/BreakableObject/Barrel.obj; object=221 -> monster=5003 level=11 ref=MapObject/BreakableObject/Barrel.obj	presentation=0/declared=5/scripted=0/other=0	dungeon=6(ownership)	false
1005	4	map/GrakKarak/1003.map	PVP无名	[249 250 261 302 306]	object=221 -> monster=5002 level=13 ref=MapObject/BreakableObject/Barrel.obj; object=221 -> monster=5002 level=14 ref=MapObject/BreakableObject/Barrel.obj; object=221 -> monster=5002 level=15 ref=MapObject/BreakableObject/Barrel.obj	presentation=0/declared=8/scripted=0/other=0	dungeon=7(ownership)	false
1006	4	map/GrakKarak/1004.map	PVP无名	[249 250 261 301 302]	object=1015 -> monster=4 level=10 ref=MapObject/Trap/GoblinBunker/GoblinBunker.obj; object=1015 -> monster=4 level=5 ref=MapObject/Trap/GoblinBunker/GoblinBunker.obj; object=1015 -> monster=4 level=5 ref=MapObject/Trap/GoblinBunker/GoblinBunker.obj; object=1015 -> monster=4 level=6 ref=MapObject/Trap/GoblinBunker/GoblinBunker.obj; object=1015 -> monster=4 level=6 ref=MapObject/Trap/GoblinBunker/GoblinBunker.obj; object=1015 -> monster=6 level=10 ref=MapObject/Trap/GoblinBunker/GoblinBunker.obj; object=221 -> monster=11 level=6 ref=MapObject/BreakableObject/Barrel.obj	presentation=0/declared=10/scripted=0/other=0	dungeon=7(ownership)	false
1007	4	map/GrakKarak/1005.map	PVP无名	[249 261 262 301 302 1018]	object=1015 -> monster=4 level=6 ref=MapObject/Trap/GoblinBunker/GoblinBunker.obj; object=1015 -> monster=7 level=13 ref=MapObject/Trap/GoblinBunker/GoblinBunker.obj	presentation=0/declared=9/scripted=0/other=0	dungeon=7(ownership)	false
1008	4	map/GrakKarak/1006.map	PVP无名	[249 250 261 301 302 306]	object=1015 -> monster=4 level=5 ref=MapObject/Trap/GoblinBunker/GoblinBunker.obj; object=1015 -> monster=4 level=5 ref=MapObject/Trap/GoblinBunker/GoblinBunker.obj	presentation=0/declared=10/scripted=0/other=0	dungeon=7(ownership)	false
1009	4	map/GrakKarak/1009.map	PVP无名	[249 250 302 306]	object=1015 -> monster=4 level=5 ref=MapObject/Trap/GoblinBunker/GoblinBunker.obj; object=1015 -> monster=6 level=10 ref=MapObject/Trap/GoblinBunker/GoblinBunker.obj	presentation=0/declared=7/scripted=0/other=0	dungeon=7(ownership)	false
1010	4	map/GrakKarak/1010.map	PVP无名	[301 302 306]	object=1015 -> monster=4 level=6 ref=MapObject/Trap/GoblinBunker/GoblinBunker.obj; object=1015 -> monster=4 level=6 ref=MapObject/Trap/GoblinBunker/GoblinBunker.obj	presentation=0/declared=7/scripted=0/other=0	dungeon=7(ownership)	false
1011	4	map/GrakKarak/1011.map	PVP无名	[249 250 262 301 302]	object=1015 -> monster=4 level=6 ref=MapObject/Trap/GoblinBunker/GoblinBunker.obj; object=1015 -> monster=7 level=12 ref=MapObject/Trap/GoblinBunker/GoblinBunker.obj	presentation=0/declared=8/scripted=0/other=0	dungeon=7(ownership)	false
1012	4	map/GrakKarak/1012.map	PVP无名	[249 250]	object=1015 -> monster=4 level=6 ref=MapObject/Trap/GoblinBunker/GoblinBunker.obj; object=1015 -> monster=4 level=6 ref=MapObject/Trap/GoblinBunker/GoblinBunker.obj	presentation=0/declared=5/scripted=0/other=0	dungeon=7(ownership)	false
1013	4	map/GrakKarak/1013.map	PVP无名	[261 301 302 1017]	object=1015 -> monster=4 level=6 ref=MapObject/Trap/GoblinBunker/GoblinBunker.obj; object=1015 -> monster=4 level=6 ref=MapObject/Trap/GoblinBunker/GoblinBunker.obj; object=1015 -> monster=7 level=12 ref=MapObject/Trap/GoblinBunker/GoblinBunker.obj	presentation=0/declared=7/scripted=0/other=0	dungeon=7(ownership)	false
1014	4	map/GrakKarak/1014.map	PVP无名	[249 250 263 301 302]	object=1015 -> monster=4 level=5 ref=MapObject/Trap/GoblinBunker/GoblinBunker.obj; object=1015 -> monster=7 level=13 ref=MapObject/Trap/GoblinBunker/GoblinBunker.obj	presentation=0/declared=8/scripted=0/other=0	dungeon=7(ownership)	false
1015	4	map/GrakKarak/1016.map	PVP无名	[249 250 301 302 306]	object=1015 -> monster=4 level=6 ref=MapObject/Trap/GoblinBunker/GoblinBunker.obj; object=1015 -> monster=7 level=12 ref=MapObject/Trap/GoblinBunker/GoblinBunker.obj	presentation=0/declared=8/scripted=0/other=0	dungeon=7(ownership)	false
1018	4	map/GrakKarak/1019.map	PVP无名	[249 250 261 301 302]	object=1015 -> monster=4 level=6 ref=MapObject/Trap/GoblinBunker/GoblinBunker.obj	presentation=0/declared=9/scripted=0/other=0	dungeon=7(ownership)	false
1020	4	map/GrakKarak/1023.map	PVP无名	[249 261 262 264 301 302]	object=1015 -> monster=4 level=5 ref=MapObject/Trap/GoblinBunker/GoblinBunker.obj; object=1015 -> monster=4 level=6 ref=MapObject/Trap/GoblinBunker/GoblinBunker.obj; object=1015 -> monster=4 level=6 ref=MapObject/Trap/GoblinBunker/GoblinBunker.obj	presentation=0/declared=9/scripted=0/other=0	dungeon=7(ownership)	false
1021	4	map/GrakKarak/1024.map	PVP无名	[249 250 261 301 302]	object=1015 -> monster=4 level=6 ref=MapObject/Trap/GoblinBunker/GoblinBunker.obj	presentation=0/declared=10/scripted=0/other=0	dungeon=7(ownership)	false
1022	4	map/GrakKarak/1025.map	PVP无名	[249 250 301 302]	object=1015 -> monster=4 level=6 ref=MapObject/Trap/GoblinBunker/GoblinBunker.obj	presentation=0/declared=7/scripted=0/other=0	dungeon=7(ownership)	false
1023	4	map/GrakKarak/1026.map	PVP无名	[249 250 302]	object=1015 -> monster=4 level=5 ref=MapObject/Trap/GoblinBunker/GoblinBunker.obj; object=1015 -> monster=4 level=6 ref=MapObject/Trap/GoblinBunker/GoblinBunker.obj	presentation=0/declared=6/scripted=0/other=0	dungeon=7(ownership)	false
1025	4	map/GrakKarak/1028.map	PVP无名	[249 250 301 306]	object=1015 -> monster=4 level=6 ref=MapObject/Trap/GoblinBunker/GoblinBunker.obj; object=221 -> monster=3 level=5 ref=MapObject/BreakableObject/Barrel.obj; object=221 -> monster=5002 level=13 ref=MapObject/BreakableObject/Barrel.obj	presentation=0/declared=8/scripted=0/other=0	dungeon=7(ownership)	false
1026	4	map/GrakKarak/1029.map	PVP无名	[249 250 261 302 306]	object=1015 -> monster=4 level=6 ref=MapObject/Trap/GoblinBunker/GoblinBunker.obj	presentation=0/declared=8/scripted=0/other=0	dungeon=7(ownership)	false
1031	4	map/GrakKarak/b1005.map	PVP无名	[249 250]	object=1015 -> monster=7 level=12 ref=MapObject/Trap/GoblinBunker/GoblinBunker.obj	presentation=0/declared=4/scripted=0/other=0	dungeon=7(ownership)	false
1205	4	map/GrakKarakBurning/1202.map	PVP无名	[7 221 302 306]	object=221 -> monster=4 level=6 ref=MapObject/BreakableObject/Barrel.obj	presentation=1/declared=4/scripted=0/other=0	dungeon=8(ownership)	false
1206	4	map/GrakKarakBurning/1203.map	PVP无名	[7 221 231 302 306]	object=221 -> monster=4 level=6 ref=MapObject/BreakableObject/Barrel.obj; object=221 -> monster=4 level=6 ref=MapObject/BreakableObject/Barrel.obj	presentation=1/declared=4/scripted=0/other=0	dungeon=8(ownership)	false
1207	4	map/GrakKarakBurning/1204.map	PVP无名	[7 221 231 302 306]	object=221 -> monster=4 level=6 ref=MapObject/BreakableObject/Barrel.obj	presentation=1/declared=4/scripted=0/other=0	dungeon=8(ownership)	false
1208	4	map/GrakKarakBurning/1205.map	PVP无名	[7 221 231 302 306]	object=221 -> monster=4 level=6 ref=MapObject/BreakableObject/Barrel.obj	presentation=1/declared=5/scripted=0/other=0	dungeon=8(ownership)	false
1210	4	map/GrakKarakBurning/1207.map	PVP无名	[7 221 303]	object=221 -> monster=4 level=6 ref=MapObject/BreakableObject/Barrel.obj	presentation=1/declared=2/scripted=0/other=0	dungeon=8(ownership)	false
1211	4	map/GrakKarakBurning/1209.map	PVP无名	[7 221 231 302]	object=221 -> monster=4 level=6 ref=MapObject/BreakableObject/Barrel.obj	presentation=1/declared=3/scripted=0/other=0	dungeon=8(ownership)	false
1212	4	map/GrakKarakBurning/1210.map	PVP无名	[7 221 222 303 306]	object=221 -> monster=4 level=6 ref=MapObject/BreakableObject/Barrel.obj; object=221 -> monster=4 level=6 ref=MapObject/BreakableObject/Barrel.obj; object=221 -> monster=4 level=6 ref=MapObject/BreakableObject/Barrel.obj	presentation=1/declared=4/scripted=0/other=0	dungeon=8(ownership)	false
1213	4	map/GrakKarakBurning/1211.map	PVP无名	[7 221 222 303 306]	object=221 -> monster=4 level=6 ref=MapObject/BreakableObject/Barrel.obj	presentation=1/declared=4/scripted=0/other=0	dungeon=8(ownership)	false
1214	4	map/GrakKarakBurning/1212.map	PVP无名	[7 221 231 262 303]	object=221 -> monster=4 level=6 ref=MapObject/BreakableObject/Barrel.obj; object=221 -> monster=4 level=6 ref=MapObject/BreakableObject/Barrel.obj	presentation=1/declared=5/scripted=0/other=0	dungeon=8(ownership)	false
1215	4	map/GrakKarakBurning/1213.map	PVP无名	[7 221 231 303]	object=221 -> monster=3 level=6 ref=MapObject/BreakableObject/Barrel.obj; object=221 -> monster=3 level=6 ref=MapObject/BreakableObject/Barrel.obj	presentation=1/declared=4/scripted=0/other=0	dungeon=8(ownership)	false
1216	4	map/GrakKarakBurning/1214.map	PVP无名	[7 221 231 263]	object=221 -> monster=4 level=6 ref=MapObject/BreakableObject/Barrel.obj; object=221 -> monster=4 level=6 ref=MapObject/BreakableObject/Barrel.obj; object=221 -> monster=4 level=6 ref=MapObject/BreakableObject/Barrel.obj	presentation=1/declared=3/scripted=0/other=0	dungeon=8(ownership)	false
1217	4	map/GrakKarakBurning/1215.map	PVP无名	[7 221 231 302]	object=221 -> monster=4 level=6 ref=MapObject/BreakableObject/Barrel.obj; object=221 -> monster=4 level=6 ref=MapObject/BreakableObject/Barrel.obj; object=221 -> monster=4 level=6 ref=MapObject/BreakableObject/Barrel.obj; object=221 -> monster=4 level=6 ref=MapObject/BreakableObject/Barrel.obj; object=221 -> monster=4 level=6 ref=MapObject/BreakableObject/Barrel.obj; object=221 -> monster=4 level=6 ref=MapObject/BreakableObject/Barrel.obj; object=221 -> monster=4 level=6 ref=MapObject/BreakableObject/Barrel.obj; object=221 -> monster=4 level=6 ref=MapObject/BreakableObject/Barrel.obj; object=221 -> monster=4 level=6 ref=MapObject/BreakableObject/Barrel.obj; object=221 -> monster=4 level=6 ref=MapObject/BreakableObject/Barrel.obj	presentation=1/declared=4/scripted=0/other=0	dungeon=8(ownership)	false
1218	4	map/GrakKarakBurning/1216.map	PVP无名	[7 221 303]	object=221 -> monster=4 level=6 ref=MapObject/BreakableObject/Barrel.obj; object=221 -> monster=4 level=6 ref=MapObject/BreakableObject/Barrel.obj; object=221 -> monster=4 level=6 ref=MapObject/BreakableObject/Barrel.obj; object=221 -> monster=4 level=6 ref=MapObject/BreakableObject/Barrel.obj; object=221 -> monster=4 level=6 ref=MapObject/BreakableObject/Barrel.obj; object=221 -> monster=4 level=6 ref=MapObject/BreakableObject/Barrel.obj; object=221 -> monster=4 level=6 ref=MapObject/BreakableObject/Barrel.obj; object=221 -> monster=7 level=15 ref=MapObject/BreakableObject/Barrel.obj; object=221 -> monster=7 level=15 ref=MapObject/BreakableObject/Barrel.obj	presentation=1/declared=3/scripted=0/other=0	dungeon=8(ownership)	false
1219	4	map/GrakKarakBurning/1217.map	PVP无名	[7 221 222 231]	object=221 -> monster=11 level=7 ref=MapObject/BreakableObject/Barrel.obj; object=221 -> monster=11 level=7 ref=MapObject/BreakableObject/Barrel.obj; object=221 -> monster=11 level=7 ref=MapObject/BreakableObject/Barrel.obj; object=221 -> monster=11 level=7 ref=MapObject/BreakableObject/Barrel.obj; object=221 -> monster=11 level=7 ref=MapObject/BreakableObject/Barrel.obj; object=221 -> monster=11 level=7 ref=MapObject/BreakableObject/Barrel.obj; object=221 -> monster=11 level=7 ref=MapObject/BreakableObject/Barrel.obj; object=221 -> monster=11 level=7 ref=MapObject/BreakableObject/Barrel.obj	presentation=1/declared=3/scripted=0/other=0	dungeon=8(ownership)	false
1220	4	map/GrakKarakBurning/1218.map	PVP无名	[7 221 222 231 302]	object=221 -> monster=4 level=6 ref=MapObject/BreakableObject/Barrel.obj; object=221 -> monster=4 level=6 ref=MapObject/BreakableObject/Barrel.obj; object=221 -> monster=4 level=6 ref=MapObject/BreakableObject/Barrel.obj; object=221 -> monster=4 level=6 ref=MapObject/BreakableObject/Barrel.obj	presentation=1/declared=4/scripted=0/other=0	dungeon=8(ownership)	false
1221	4	map/GrakKarakBurning/1219.map	PVP无名	[7 221 222 231 301 302 306]	object=221 -> monster=11 level=7 ref=MapObject/BreakableObject/Barrel.obj; object=221 -> monster=11 level=7 ref=MapObject/BreakableObject/Barrel.obj	presentation=1/declared=6/scripted=0/other=0	dungeon=8(ownership)	false
1222	4	map/GrakKarakBurning/1220.map	PVP无名	[7 221 222 231 302]	object=221 -> monster=4 level=6 ref=MapObject/BreakableObject/Barrel.obj; object=221 -> monster=4 level=6 ref=MapObject/BreakableObject/Barrel.obj; object=221 -> monster=4 level=6 ref=MapObject/BreakableObject/Barrel.obj; object=221 -> monster=4 level=6 ref=MapObject/BreakableObject/Barrel.obj	presentation=1/declared=4/scripted=0/other=0	dungeon=8(ownership)	false
1223	4	map/GrakKarakBurning/1222.map	PVP无名	[7 221 222 231]	object=221 -> monster=4 level=6 ref=MapObject/BreakableObject/Barrel.obj; object=221 -> monster=4 level=6 ref=MapObject/BreakableObject/Barrel.obj; object=221 -> monster=4 level=6 ref=MapObject/BreakableObject/Barrel.obj; object=221 -> monster=4 level=6 ref=MapObject/BreakableObject/Barrel.obj; object=221 -> monster=7 level=15 ref=MapObject/BreakableObject/Barrel.obj	presentation=1/declared=3/scripted=0/other=0	dungeon=8(ownership)	false
1224	4	map/GrakKarakBurning/1224.map	PVP无名	[7 221 222 231]	object=221 -> monster=4 level=6 ref=MapObject/BreakableObject/Barrel.obj; object=221 -> monster=4 level=6 ref=MapObject/BreakableObject/Barrel.obj; object=221 -> monster=4 level=6 ref=MapObject/BreakableObject/Barrel.obj; object=221 -> monster=4 level=6 ref=MapObject/BreakableObject/Barrel.obj	presentation=1/declared=3/scripted=0/other=0	dungeon=8(ownership)	false
1225	4	map/GrakKarakBurning/1226.map	PVP无名	[7 221 302]	object=221 -> monster=4 level=6 ref=MapObject/BreakableObject/Barrel.obj	presentation=1/declared=3/scripted=0/other=0	dungeon=8(ownership)	false
1226	4	map/GrakKarakBurning/1227.map	PVP无名	[7 221 231 302 306]	object=221 -> monster=4 level=6 ref=MapObject/BreakableObject/Barrel.obj; object=221 -> monster=4 level=6 ref=MapObject/BreakableObject/Barrel.obj	presentation=1/declared=4/scripted=0/other=0	dungeon=8(ownership)	false
1227	4	map/GrakKarakBurning/1228.map	PVP无名	[7 221 231 302 306]	object=221 -> monster=4 level=6 ref=MapObject/BreakableObject/Barrel.obj	presentation=1/declared=4/scripted=0/other=0	dungeon=8(ownership)	false
1228	4	map/GrakKarakBurning/1229.map	PVP无名	[7 221 231 302 306]	object=221 -> monster=4 level=6 ref=MapObject/BreakableObject/Barrel.obj	presentation=1/declared=5/scripted=0/other=0	dungeon=8(ownership)	false
1230	4	map/GrakKarakBurning/1231.map	PVP无名	[7 221 303]	object=221 -> monster=4 level=6 ref=MapObject/BreakableObject/Barrel.obj	presentation=1/declared=2/scripted=0/other=0	dungeon=8(ownership)	false
1231	4	map/GrakKarakBurning/1233.map	PVP无名	[7 221 231 302]	object=221 -> monster=4 level=6 ref=MapObject/BreakableObject/Barrel.obj	presentation=1/declared=3/scripted=0/other=0	dungeon=8(ownership)	false
1232	4	map/GrakKarakBurning/1234.map	PVP无名	[7 221 222 303 306]	object=221 -> monster=4 level=6 ref=MapObject/BreakableObject/Barrel.obj; object=221 -> monster=4 level=6 ref=MapObject/BreakableObject/Barrel.obj; object=221 -> monster=4 level=6 ref=MapObject/BreakableObject/Barrel.obj	presentation=1/declared=4/scripted=0/other=0	dungeon=8(ownership)	false
1233	4	map/GrakKarakBurning/1235.map	PVP无名	[7 221 222 303 306]	object=221 -> monster=4 level=6 ref=MapObject/BreakableObject/Barrel.obj	presentation=1/declared=4/scripted=0/other=0	dungeon=8(ownership)	false
1234	4	map/GrakKarakBurning/1236.map	PVP无名	[7 221 231 262 303]	object=221 -> monster=4 level=6 ref=MapObject/BreakableObject/Barrel.obj; object=221 -> monster=4 level=6 ref=MapObject/BreakableObject/Barrel.obj	presentation=1/declared=5/scripted=0/other=0	dungeon=8(ownership)	false
1235	4	map/GrakKarakBurning/1237.map	PVP无名	[7 221 231 303]	object=221 -> monster=3 level=6 ref=MapObject/BreakableObject/Barrel.obj	presentation=1/declared=4/scripted=0/other=0	dungeon=8(ownership)	false
1236	4	map/GrakKarakBurning/1238.map	PVP无名	[7 221 231 264]	object=221 -> monster=4 level=6 ref=MapObject/BreakableObject/Barrel.obj; object=221 -> monster=4 level=6 ref=MapObject/BreakableObject/Barrel.obj; object=221 -> monster=4 level=6 ref=MapObject/BreakableObject/Barrel.obj	presentation=1/declared=3/scripted=0/other=0	dungeon=8(ownership)	false
1237	4	map/GrakKarakBurning/1239.map	PVP无名	[7 221 231 302]	object=221 -> monster=4 level=6 ref=MapObject/BreakableObject/Barrel.obj; object=221 -> monster=4 level=6 ref=MapObject/BreakableObject/Barrel.obj; object=221 -> monster=4 level=6 ref=MapObject/BreakableObject/Barrel.obj; object=221 -> monster=4 level=6 ref=MapObject/BreakableObject/Barrel.obj; object=221 -> monster=4 level=6 ref=MapObject/BreakableObject/Barrel.obj; object=221 -> monster=4 level=6 ref=MapObject/BreakableObject/Barrel.obj; object=221 -> monster=4 level=6 ref=MapObject/BreakableObject/Barrel.obj; object=221 -> monster=4 level=6 ref=MapObject/BreakableObject/Barrel.obj; object=221 -> monster=4 level=6 ref=MapObject/BreakableObject/Barrel.obj; object=221 -> monster=4 level=6 ref=MapObject/BreakableObject/Barrel.obj	presentation=1/declared=4/scripted=0/other=0	dungeon=8(ownership)	false
1238	4	map/GrakKarakBurning/1240.map	PVP无名	[7 221 303]	object=221 -> monster=4 level=6 ref=MapObject/BreakableObject/Barrel.obj; object=221 -> monster=4 level=6 ref=MapObject/BreakableObject/Barrel.obj; object=221 -> monster=4 level=6 ref=MapObject/BreakableObject/Barrel.obj; object=221 -> monster=4 level=6 ref=MapObject/BreakableObject/Barrel.obj; object=221 -> monster=4 level=6 ref=MapObject/BreakableObject/Barrel.obj; object=221 -> monster=4 level=6 ref=MapObject/BreakableObject/Barrel.obj; object=221 -> monster=4 level=6 ref=MapObject/BreakableObject/Barrel.obj; object=221 -> monster=7 level=15 ref=MapObject/BreakableObject/Barrel.obj; object=221 -> monster=7 level=15 ref=MapObject/BreakableObject/Barrel.obj	presentation=1/declared=3/scripted=0/other=0	dungeon=8(ownership)	false
1239	4	map/GrakKarakBurning/1241.map	PVP无名	[7 221 222 231 301 302]	object=221 -> monster=11 level=7 ref=MapObject/BreakableObject/Barrel.obj; object=221 -> monster=11 level=7 ref=MapObject/BreakableObject/Barrel.obj; object=221 -> monster=11 level=7 ref=MapObject/BreakableObject/Barrel.obj; object=221 -> monster=11 level=7 ref=MapObject/BreakableObject/Barrel.obj; object=221 -> monster=11 level=7 ref=MapObject/BreakableObject/Barrel.obj; object=221 -> monster=11 level=7 ref=MapObject/BreakableObject/Barrel.obj; object=221 -> monster=11 level=7 ref=MapObject/BreakableObject/Barrel.obj; object=221 -> monster=11 level=7 ref=MapObject/BreakableObject/Barrel.obj	presentation=1/declared=5/scripted=0/other=0	dungeon=8(ownership)	false
1240	4	map/GrakKarakBurning/1242.map	PVP无名	[7 221 222 231 302]	object=221 -> monster=4 level=6 ref=MapObject/BreakableObject/Barrel.obj; object=221 -> monster=4 level=6 ref=MapObject/BreakableObject/Barrel.obj; object=221 -> monster=4 level=6 ref=MapObject/BreakableObject/Barrel.obj; object=221 -> monster=4 level=6 ref=MapObject/BreakableObject/Barrel.obj	presentation=1/declared=4/scripted=0/other=0	dungeon=8(ownership)	false
1241	4	map/GrakKarakBurning/1243.map	PVP无名	[7 221 222 231 301 302 306]	object=221 -> monster=11 level=7 ref=MapObject/BreakableObject/Barrel.obj; object=221 -> monster=11 level=7 ref=MapObject/BreakableObject/Barrel.obj	presentation=1/declared=6/scripted=0/other=0	dungeon=8(ownership)	false
1242	4	map/GrakKarakBurning/1244.map	PVP无名	[7 221 222 231 302]	object=221 -> monster=4 level=6 ref=MapObject/BreakableObject/Barrel.obj; object=221 -> monster=4 level=6 ref=MapObject/BreakableObject/Barrel.obj; object=221 -> monster=4 level=6 ref=MapObject/BreakableObject/Barrel.obj; object=221 -> monster=4 level=6 ref=MapObject/BreakableObject/Barrel.obj	presentation=1/declared=4/scripted=0/other=0	dungeon=8(ownership)	false
1243	4	map/GrakKarakBurning/1246.map	PVP无名	[7 221 222 231]	object=221 -> monster=4 level=6 ref=MapObject/BreakableObject/Barrel.obj; object=221 -> monster=4 level=6 ref=MapObject/BreakableObject/Barrel.obj; object=221 -> monster=4 level=6 ref=MapObject/BreakableObject/Barrel.obj; object=221 -> monster=4 level=6 ref=MapObject/BreakableObject/Barrel.obj; object=221 -> monster=7 level=15 ref=MapObject/BreakableObject/Barrel.obj	presentation=1/declared=3/scripted=0/other=0	dungeon=8(ownership)	false
1244	4	map/GrakKarakBurning/1248.map	PVP无名	[7 221 222 231]	object=221 -> monster=4 level=6 ref=MapObject/BreakableObject/Barrel.obj; object=221 -> monster=4 level=6 ref=MapObject/BreakableObject/Barrel.obj; object=221 -> monster=4 level=6 ref=MapObject/BreakableObject/Barrel.obj; object=221 -> monster=4 level=6 ref=MapObject/BreakableObject/Barrel.obj	presentation=1/declared=3/scripted=0/other=0	dungeon=8(ownership)	false
1245	4	map/GrakKarakBurning/b1201.map	PVP无名	[7 222 231 263 301 303 306]	object=221 -> monster=4 level=6 ref=MapObject/BreakableObject/Barrel.obj; object=221 -> monster=4 level=6 ref=MapObject/BreakableObject/Barrel.obj	presentation=1/declared=7/scripted=0/other=0	dungeon=8(ownership)	false
1246	4	map/GrakKarakBurning/b1202.map	PVP无名	[7 221 222 231 264 303 306]	object=221 -> monster=4 level=6 ref=MapObject/BreakableObject/Barrel.obj; object=221 -> monster=4 level=6 ref=MapObject/BreakableObject/Barrel.obj	presentation=1/declared=6/scripted=0/other=0	dungeon=8(ownership)	false
1247	4	map/GrakKarakBurning/b1203.map	PVP无名	[7 221 222 231 263 301 302]	object=221 -> monster=4 level=6 ref=MapObject/BreakableObject/Barrel.obj; object=221 -> monster=4 level=6 ref=MapObject/BreakableObject/Barrel.obj	presentation=1/declared=6/scripted=0/other=0	dungeon=8(ownership)	false
1248	4	map/GrakKarakBurning/b1204.map	PVP无名	[7 222 231 264 303 306]	object=221 -> monster=4 level=6 ref=MapObject/BreakableObject/Barrel.obj; object=221 -> monster=4 level=6 ref=MapObject/BreakableObject/Barrel.obj; object=221 -> monster=4 level=6 ref=MapObject/BreakableObject/Barrel.obj; object=221 -> monster=4 level=6 ref=MapObject/BreakableObject/Barrel.obj; object=221 -> monster=4 level=6 ref=MapObject/BreakableObject/Barrel.obj	presentation=1/declared=6/scripted=0/other=0	dungeon=8(ownership)	false
1249	4	map/GrakKarakBurning/b_quest01.map	PVP无名	[7 222 231 263 301 303 306]	object=221 -> monster=4 level=6 ref=MapObject/BreakableObject/Barrel.obj; object=221 -> monster=4 level=6 ref=MapObject/BreakableObject/Barrel.obj	presentation=1/declared=7/scripted=0/other=0	dungeon=8(ownership)	false
1404	4	map/MirkwoodFrost/e1402.map	PVP无名	[8 9 221 281]	object=221 -> monster=8 level=11 ref=MapObject/BreakableObject/Barrel.obj	presentation=2/declared=2/scripted=0/other=0	dungeon=9(ownership)	false
1405	4	map/MirkwoodFrost/n1401.map	PVP无名	[8 9 231 283]	object=1015 -> monster=3 level=7 ref=MapObject/Trap/GoblinBunker/GoblinBunker.obj; object=1015 -> monster=8 level=11 ref=MapObject/Trap/GoblinBunker/GoblinBunker.obj	presentation=2/declared=4/scripted=0/other=0	dungeon=9(ownership)	false
1406	4	map/MirkwoodFrost/n1402.map	PVP无名	[8 9 283]	object=221 -> monster=5 level=12 ref=MapObject/BreakableObject/Barrel.obj	presentation=2/declared=2/scripted=0/other=0	dungeon=9(ownership)	false
1407	4	map/MirkwoodFrost/n1403.map	PVP无名	[8 9 221]	object=1015 -> monster=8 level=11 ref=MapObject/Trap/GoblinBunker/GoblinBunker.obj; object=1015 -> monster=8 level=11 ref=MapObject/Trap/GoblinBunker/GoblinBunker.obj; object=221 -> monster=3 level=7 ref=MapObject/BreakableObject/Barrel.obj; object=221 -> monster=3 level=7 ref=MapObject/BreakableObject/Barrel.obj; object=221 -> monster=3 level=7 ref=MapObject/BreakableObject/Barrel.obj; object=221 -> monster=8 level=11 ref=MapObject/BreakableObject/Barrel.obj	presentation=2/declared=2/scripted=0/other=0	dungeon=9(ownership)	false
1409	4	map/MirkwoodFrost/n1405.map	PVP无名	[8 9 221]	object=1015 -> monster=3 level=7 ref=MapObject/Trap/GoblinBunker/GoblinBunker.obj; object=1015 -> monster=3 level=7 ref=MapObject/Trap/GoblinBunker/GoblinBunker.obj; object=1015 -> monster=3 level=7 ref=MapObject/Trap/GoblinBunker/GoblinBunker.obj; object=1015 -> monster=8 level=11 ref=MapObject/Trap/GoblinBunker/GoblinBunker.obj	presentation=2/declared=3/scripted=0/other=0	dungeon=9(ownership)	false
1412	4	map/MirkwoodFrost/h1402.map	PVP无名	[8 9 286]	object=1015 -> monster=3 level=7 ref=MapObject/Trap/GoblinBunker/GoblinBunker.obj; object=1015 -> monster=3 level=7 ref=MapObject/Trap/GoblinBunker/GoblinBunker.obj; object=1015 -> monster=3 level=7 ref=MapObject/Trap/GoblinBunker/GoblinBunker.obj; object=1015 -> monster=3 level=7 ref=MapObject/Trap/GoblinBunker/GoblinBunker.obj	presentation=2/declared=4/scripted=0/other=0	dungeon=9(ownership)	false
1413	4	map/MirkwoodFrost/h1403.map	PVP无名	[8 9 221 231]	object=221 -> monster=10 level=11 ref=MapObject/BreakableObject/Barrel.obj	presentation=2/declared=3/scripted=0/other=0	dungeon=9(ownership)	false
1415	4	map/MirkwoodFrost/h1405.map	PVP无名	[8 9 221 282]	object=221 -> monster=5 level=11 ref=MapObject/BreakableObject/Barrel.obj	presentation=2/declared=3/scripted=0/other=0	dungeon=9(ownership)	false
1416	4	map/MirkwoodFrost/h1406.map	PVP无名	[8 9 221 231 282 286]	object=1015 -> monster=8 level=11 ref=MapObject/Trap/GoblinBunker/GoblinBunker.obj; object=1015 -> monster=8 level=11 ref=MapObject/Trap/GoblinBunker/GoblinBunker.obj	presentation=2/declared=5/scripted=0/other=0	dungeon=9(ownership)	false
2803	4	map/SunderlandDark/n2801.map	PVP无名	[221 292]	object=221 -> monster=210 level=17 ref=MapObject/BreakableObject/Barrel.obj; object=221 -> monster=211 level=18 ref=MapObject/BreakableObject/Barrel.obj	presentation=0/declared=2/scripted=0/other=0	dungeon=1000(ownership)	false
2804	4	map/SunderlandDark/n2802.map	PVP无名	[221 292]	object=221 -> monster=211 level=19 ref=MapObject/BreakableObject/Barrel.obj; object=221 -> monster=5002 level=16 ref=MapObject/BreakableObject/Barrel.obj; object=221 -> monster=5002 level=16 ref=MapObject/BreakableObject/Barrel.obj	presentation=0/declared=2/scripted=0/other=0	dungeon=1000(ownership)	false
2808	4	map/SunderlandDark/h2801.map	PVP无名	[247 248 261 293]	object=221 -> monster=210 level=17 ref=MapObject/BreakableObject/Barrel.obj; object=221 -> monster=211 level=17 ref=MapObject/BreakableObject/Barrel.obj; object=221 -> monster=211 level=17 ref=MapObject/BreakableObject/Barrel.obj; object=221 -> monster=5002 level=16 ref=MapObject/BreakableObject/Barrel.obj	presentation=0/declared=7/scripted=0/other=0	dungeon=1000(ownership)	false
2809	4	map/SunderlandDark/h2802.map	PVP无名	[247 248 261 291]	object=221 -> monster=210 level=17 ref=MapObject/BreakableObject/Barrel.obj; object=221 -> monster=210 level=17 ref=MapObject/BreakableObject/Barrel.obj; object=221 -> monster=211 level=17 ref=MapObject/BreakableObject/Barrel.obj	presentation=0/declared=6/scripted=0/other=0	dungeon=1000(ownership)	false
2811	4	map/SunderlandDark/h2804.map	PVP无名	[221 292 293]	object=221 -> monster=210 level=18 ref=MapObject/BreakableObject/Barrel.obj	presentation=0/declared=6/scripted=0/other=0	dungeon=1000(ownership)	false
2812	4	map/SunderlandDark/h2805.map	PVP无名	[251 252 254 255 257 1008 1010]	object=221 -> monster=211 level=19 ref=MapObject/BreakableObject/Barrel.obj	presentation=0/declared=9/scripted=0/other=0	dungeon=1000(ownership)	false
2814	4	map/SunderlandDark/h2807.map	PVP无名	[221 296]	object=221 -> monster=12 level=18 ref=MapObject/BreakableObject/Barrel.obj; object=221 -> monster=5002 level=18 ref=MapObject/BreakableObject/Barrel.obj	presentation=0/declared=3/scripted=0/other=0	dungeon=1000(ownership)	false
2815	4	map/SunderlandDark/h2808.map	PVP无名	[221 293 1011 3001 3003]	object=221 -> monster=5002 level=19 ref=MapObject/BreakableObject/Barrel.obj	presentation=0/declared=6/scripted=0/other=0	dungeon=1000(ownership)	false
2822	4	map/SunderlandDark/h2815.map	PVP无名	[221 292 1011 1012 3000 3002 3003 3004 3005 3006]	object=221 -> monster=210 level=19 ref=MapObject/BreakableObject/Barrel.obj; object=221 -> monster=210 level=19 ref=MapObject/BreakableObject/Barrel.obj; object=221 -> monster=211 level=19 ref=MapObject/BreakableObject/Barrel.obj; object=221 -> monster=211 level=19 ref=MapObject/BreakableObject/Barrel.obj; object=221 -> monster=5002 level=19 ref=MapObject/BreakableObject/Barrel.obj	presentation=0/declared=10/scripted=0/other=0	dungeon=1000(ownership)	false
2827	4	map/SunderlandDark/b2802.map	PVP无名	[221 247 248 292]	object=221 -> monster=210 level=1 ref=MapObject/BreakableObject/Barrel.obj	presentation=0/declared=4/scripted=0/other=0	dungeon=1000(ownership)	false
3006	4	map/OuterWall/n3002.map	PVP无名	[317 318 319 320 321 322 323 770 771]	object=771 -> monster=250 level=30 ref=MapObject/BreakableObject/OuterWallLongPot.obj; object=771 -> monster=250 level=30 ref=MapObject/BreakableObject/OuterWallLongPot.obj; object=771 -> monster=250 level=30 ref=MapObject/BreakableObject/OuterWallLongPot.obj; object=771 -> monster=260 level=30 ref=MapObject/BreakableObject/OuterWallLongPot.obj	presentation=5/declared=5/scripted=0/other=0	dungeon=21(ownership)	false
3010	4	map/OuterWall/n3006.map	PVP无名	[319 320 321 322 323 770 771]	object=771 -> monster=260 level=30 ref=MapObject/BreakableObject/OuterWallLongPot.obj	presentation=5/declared=3/scripted=0/other=0	dungeon=21(ownership)	false
3014	4	map/OuterWall/n3010.map	PVP无名	[318 319 320 321 322 323 770 771]	object=771 -> monster=260 level=30 ref=MapObject/BreakableObject/OuterWallLongPot.obj; object=771 -> monster=260 level=30 ref=MapObject/BreakableObject/OuterWallLongPot.obj	presentation=5/declared=4/scripted=0/other=0	dungeon=21(ownership)	false
3229	4	map/Jungle/n3211(2,1).map	PVP无名	[325 326 327 328 329 330 1006]	object=773 -> monster=50000 level=31 ref=MapObject/BreakableObject/JungleLongPot.obj	presentation=5/declared=4/scripted=0/other=0	dungeon=22(ownership)	false
3230	4	map/Jungle/n3212(2,1).map	PVP无名	[325 326 327 328 329 330 1006 1007]	object=773 -> monster=50000 level=31 ref=MapObject/BreakableObject/JungleLongPot.obj	presentation=5/declared=6/scripted=0/other=0	dungeon=22(ownership)	false
3235	4	map/Jungle/n3217(1,5).map	PVP无名	[325 326 327 328 329 330 1007]	object=773 -> monster=50000 level=31 ref=MapObject/BreakableObject/JungleLongPot.obj	presentation=5/declared=4/scripted=0/other=0	dungeon=22(ownership)	false
3244	4	map/Jungle/h3202(0,0).map	PVP无名	[324 326 327 328 329 330 1007]	object=773 -> monster=500 level=31 ref=MapObject/BreakableObject/JungleLongPot.obj	presentation=5/declared=4/scripted=0/other=0	dungeon=22(ownership)	false
3246	4	map/Jungle/h3204(3,0).map	PVP无名	[324 326 327 328 329 330 1023]	object=773 -> monster=500 level=31 ref=MapObject/BreakableObject/JungleLongPot.obj	presentation=5/declared=5/scripted=0/other=0	dungeon=22(ownership)	false
3248	4	map/Jungle/h3206(0,6).map	PVP无名	[324 326 327 328 329 330 772 1007 1023]	object=773 -> monster=500 level=31 ref=MapObject/BreakableObject/JungleLongPot.obj	presentation=5/declared=7/scripted=0/other=0	dungeon=22(ownership)	false
3251	4	map/Jungle/b3202(3,0).map	PVP无名	[324 326 327 328 329 330 1023]	object=773 -> monster=500 level=31 ref=MapObject/BreakableObject/JungleLongPot.obj	presentation=5/declared=5/scripted=0/other=0	dungeon=22(ownership)	false
3252	4	map/Jungle/b3203(0,6).map	PVP无名	[324 326 327 328 329 330 772 1023]	object=773 -> monster=500 level=31 ref=MapObject/BreakableObject/JungleLongPot.obj	presentation=5/declared=6/scripted=0/other=0	dungeon=22(ownership)	false
3255	4	map/Jungle/q3201.map	PVP无名	[324 326 327 328 329 330 1007 1023]	object=773 -> monster=500 level=31 ref=MapObject/BreakableObject/JungleLongPot.obj; object=773 -> monster=500 level=31 ref=MapObject/BreakableObject/JungleLongPot.obj	presentation=5/declared=5/scripted=0/other=0		false
3403	4	map/Darkhell/e3401.map	PVP无名	[331 333 334 335 336 337 774]	object=775 -> monster=602 level=32 ref=MapObject/BreakableObject/DarkhellLongPot.obj	presentation=5/declared=3/scripted=0/other=0	dungeon=23(ownership)	false
3405	4	map/Darkhell/e3403.map	PVP无名	[331 333 334 335 336 337 1023]	object=775 -> monster=602 level=32 ref=MapObject/BreakableObject/DarkhellLongPot.obj	presentation=5/declared=3/scripted=0/other=0	dungeon=23(ownership)	false
3409	4	map/Darkhell/n3403.map	PVP无名	[331 332 333 334 335 336 337 774 775]	object=775 -> monster=200 level=32 ref=MapObject/BreakableObject/DarkhellLongPot.obj; object=775 -> monster=252 level=32 ref=MapObject/BreakableObject/DarkhellLongPot.obj; object=775 -> monster=602 level=32 ref=MapObject/BreakableObject/DarkhellLongPot.obj	presentation=5/declared=4/scripted=0/other=0	dungeon=23(ownership)	false
3411	4	map/Darkhell/n3405.map	PVP无名	[332 333 334 335 336 337 1023]	object=775 -> monster=602 level=32 ref=MapObject/BreakableObject/DarkhellLongPot.obj	presentation=5/declared=3/scripted=0/other=0	dungeon=23(ownership)	false
3415	4	map/Darkhell/h3401.map	PVP无名	[331 332 333 334 335 336 337]	object=775 -> monster=602 level=32 ref=MapObject/BreakableObject/DarkhellLongPot.obj	presentation=5/declared=4/scripted=0/other=0	dungeon=23(ownership)	false
3418	4	map/Darkhell/h3404.map	PVP无名	[333 334 335 336 337 1023]	object=775 -> monster=252 level=32 ref=MapObject/BreakableObject/DarkhellLongPot.obj	presentation=5/declared=2/scripted=1/other=0	dungeon=23(ownership)	false
3419	4	map/Darkhell/h3405.map	PVP无名	[333 334 335 336 337 775 1023]	object=775 -> monster=252 level=32 ref=MapObject/BreakableObject/DarkhellLongPot.obj; object=775 -> monster=252 level=32 ref=MapObject/BreakableObject/DarkhellLongPot.obj	presentation=5/declared=2/scripted=0/other=0	dungeon=23(ownership)	false
3421	4	map/Darkhell/h3407.map	PVP无名	[333 334 335 336 337 774]	object=775 -> monster=602 level=32 ref=MapObject/BreakableObject/DarkhellLongPot.obj	presentation=5/declared=2/scripted=1/other=0	dungeon=23(ownership)	false
3425	4	map/Darkhell/q3401.map	PVP无名	[333 334 335 336 337 775 1023]	object=775 -> monster=252 level=32 ref=MapObject/BreakableObject/DarkhellLongPot.obj; object=775 -> monster=252 level=32 ref=MapObject/BreakableObject/DarkhellLongPot.obj	presentation=5/declared=3/scripted=0/other=0		false
3622	4	map/WhiteNight/n3603(1,3).map	PVP无名	[701 702 703 704 705 706 776 1071]	object=777 -> monster=263 level=35 ref=MapObject/BreakableObject/WhiteNightLongPot.obj	presentation=5/declared=5/scripted=0/other=0	dungeon=24(ownership)	false
3635	4	map/WhiteNight/h3609(0,2).map	PVP无名	[701 702 703 704 705 706]	object=777 -> monster=260 level=35 ref=MapObject/BreakableObject/WhiteNightLongPot.obj; object=777 -> monster=260 level=35 ref=MapObject/BreakableObject/WhiteNightLongPot.obj	presentation=5/declared=2/scripted=0/other=0	dungeon=24(ownership)	false
3805	4	map/1stBackbone/n3801(0,1).map	PVP无名	[709 710 711 712 713 778 1032]	object=779 -> monster=250 level=34 ref=MapObject/BreakableObject/1stBackboneLongPot.obj; object=779 -> monster=250 level=34 ref=MapObject/BreakableObject/1stBackboneLongPot.obj	presentation=5/declared=3/scripted=0/other=0	dungeon=25(ownership)	false
3806	4	map/1stBackbone/n3802(0,2).map	PVP无名	[709 710 711 712 713]	object=779 -> monster=250 level=34 ref=MapObject/BreakableObject/1stBackboneLongPot.obj; object=779 -> monster=250 level=34 ref=MapObject/BreakableObject/1stBackboneLongPot.obj; object=779 -> monster=252 level=34 ref=MapObject/BreakableObject/1stBackboneLongPot.obj; object=779 -> monster=252 level=34 ref=MapObject/BreakableObject/1stBackboneLongPot.obj	presentation=5/declared=1/scripted=1/other=0	dungeon=25(ownership)	false
3808	4	map/1stBackbone/n3804(1,3).map	PVP无名	[707 709 710 711 712 713]	object=779 -> monster=250 level=35 ref=MapObject/BreakableObject/1stBackboneLongPot.obj; object=779 -> monster=250 level=35 ref=MapObject/BreakableObject/1stBackboneLongPot.obj	presentation=5/declared=3/scripted=0/other=0	dungeon=25(ownership)	false
3811	4	map/1stBackbone/h3801(3,2).map	PVP无名	[709 710 711 712 713]	object=779 -> monster=250 level=35 ref=MapObject/BreakableObject/1stBackboneLongPot.obj; object=779 -> monster=250 level=35 ref=MapObject/BreakableObject/1stBackboneLongPot.obj; object=779 -> monster=250 level=35 ref=MapObject/BreakableObject/1stBackboneLongPot.obj; object=779 -> monster=250 level=35 ref=MapObject/BreakableObject/1stBackboneLongPot.obj; object=779 -> monster=253 level=35 ref=MapObject/BreakableObject/1stBackboneLongPot.obj; object=779 -> monster=253 level=35 ref=MapObject/BreakableObject/1stBackboneLongPot.obj; object=779 -> monster=253 level=35 ref=MapObject/BreakableObject/1stBackboneLongPot.obj	presentation=5/declared=1/scripted=0/other=0	dungeon=25(ownership)	false
3814	4	map/1stBackbone/h3804(1,1).map	PVP无名	[708 709 710 711 712 713]	object=779 -> monster=250 level=35 ref=MapObject/BreakableObject/1stBackboneLongPot.obj; object=779 -> monster=250 level=35 ref=MapObject/BreakableObject/1stBackboneLongPot.obj	presentation=5/declared=3/scripted=0/other=0	dungeon=25(ownership)	false
3815	4	map/1stBackbone/h3805(2,2).map	PVP无名	[707 709 710 711 712 713]	object=779 -> monster=250 level=35 ref=MapObject/BreakableObject/1stBackboneLongPot.obj; object=779 -> monster=250 level=35 ref=MapObject/BreakableObject/1stBackboneLongPot.obj	presentation=5/declared=3/scripted=1/other=0	dungeon=25(ownership)	false
3821	4	map/1stBackbone/apc(2,0).map	PVP无名	[708 709 710 711 712 713 779]	object=779 -> monster=260 level=34 ref=MapObject/BreakableObject/1stBackboneLongPot.obj	presentation=5/declared=2/scripted=0/other=0	dungeon=25 maze=1 (1,3) spec:map; dungeon=25(ownership)	false
4030	4	map/2ndBackbone/h4001.map	PVP无名	[714 716 717 718 719 720 770]	object=300 -> monster=201 level=37 ref=MapObject/BreakableObject/CollectionBoxForLotus.obj; object=300 -> monster=201 level=37 ref=MapObject/BreakableObject/CollectionBoxForLotus.obj; object=300 -> monster=273 level=37 ref=MapObject/BreakableObject/CollectionBoxForLotus.obj; object=300 -> monster=273 level=37 ref=MapObject/BreakableObject/CollectionBoxForLotus.obj	presentation=5/declared=5/scripted=0/other=0	dungeon=26(ownership)	false
4201	4	map/ShallowKeep/s4201.map	PVP无名	[805 810 812 813 814]	object=815 -> monster=403 level=39 ref=MapObject/BreakableObject/ShallowKeepCoffin.obj	presentation=0/declared=7/scripted=0/other=0	dungeon=31(ownership)	false
4202	4	map/ShallowKeep/s4202.map	PVP无名	[804 810]	object=815 -> monster=403 level=39 ref=MapObject/BreakableObject/ShallowKeepCoffin.obj	presentation=0/declared=4/scripted=0/other=0	dungeon=31(ownership)	false
4203	4	map/ShallowKeep/e4201(1,3).map	PVP无名	[805 810 812 814]	object=815 -> monster=403 level=39 ref=MapObject/BreakableObject/ShallowKeepCoffin.obj	presentation=0/declared=5/scripted=0/other=0	dungeon=31 maze=1 (2,3) spec:map; dungeon=31(ownership)	false
4204	4	map/ShallowKeep/e4202(2,3).map	PVP无名	[804 805 810 814]	object=815 -> monster=403 level=39 ref=MapObject/BreakableObject/ShallowKeepCoffin.obj; object=815 -> monster=404 level=39 ref=MapObject/BreakableObject/ShallowKeepCoffin.obj	presentation=0/declared=5/scripted=0/other=0	dungeon=31 maze=1 (2,3) spec:map; dungeon=31(ownership)	false
4206	4	map/ShallowKeep/n4202(2,3).map	PVP无名	[805]	object=815 -> monster=403 level=40 ref=MapObject/BreakableObject/ShallowKeepCoffin.obj	presentation=0/declared=3/scripted=0/other=0	dungeon=31 maze=1 (2,3) spec:map; dungeon=31(ownership)	false
4207	4	map/ShallowKeep/n4203(0,3).map	PVP无名	[804 812 813 814]	object=815 -> monster=403 level=40 ref=MapObject/BreakableObject/ShallowKeepCoffin.obj; object=815 -> monster=404 level=40 ref=MapObject/BreakableObject/ShallowKeepCoffin.obj	presentation=0/declared=6/scripted=0/other=0	dungeon=31(ownership)	false
4208	4	map/ShallowKeep/n4204(3,3).map	PVP无名	[805 813 815]	object=815 -> monster=403 level=40 ref=MapObject/BreakableObject/ShallowKeepCoffin.obj; object=815 -> monster=403 level=40 ref=MapObject/BreakableObject/ShallowKeepCoffin.obj; object=815 -> monster=403 level=40 ref=MapObject/BreakableObject/ShallowKeepCoffin.obj; object=815 -> monster=403 level=40 ref=MapObject/BreakableObject/ShallowKeepCoffin.obj	presentation=0/declared=3/scripted=0/other=0	dungeon=31(ownership)	false
4212	4	map/ShallowKeep/n4208(3,2).map	PVP无名	[804 813 814]	object=815 -> monster=403 level=40 ref=MapObject/BreakableObject/ShallowKeepCoffin.obj	presentation=0/declared=6/scripted=0/other=0	dungeon=31(ownership)	false
4213	4	map/ShallowKeep/n4209(0,1).map	PVP无名	[812 813 814]	object=815 -> monster=600 level=40 ref=MapObject/BreakableObject/ShallowKeepCoffin.obj	presentation=0/declared=5/scripted=0/other=0	dungeon=31(ownership)	false
4214	4	map/ShallowKeep/n4210(0,1).map	PVP无名	[812 813 814]	object=815 -> monster=600 level=40 ref=MapObject/BreakableObject/ShallowKeepCoffin.obj	presentation=0/declared=6/scripted=0/other=0	dungeon=31(ownership)	false
4215	4	map/ShallowKeep/n4211(3,1).map	PVP无名	[813 814]	object=815 -> monster=600 level=40 ref=MapObject/BreakableObject/ShallowKeepCoffin.obj; object=815 -> monster=600 level=40 ref=MapObject/BreakableObject/ShallowKeepCoffin.obj	presentation=0/declared=4/scripted=0/other=0	dungeon=31(ownership)	false
4216	4	map/ShallowKeep/n4212(3,1).map	PVP无名	[]	object=815 -> monster=600 level=40 ref=MapObject/BreakableObject/ShallowKeepCoffin.obj; object=815 -> monster=600 level=40 ref=MapObject/BreakableObject/ShallowKeepCoffin.obj; object=815 -> monster=600 level=40 ref=MapObject/BreakableObject/ShallowKeepCoffin.obj; object=815 -> monster=600 level=40 ref=MapObject/BreakableObject/ShallowKeepCoffin.obj	presentation=0/declared=3/scripted=0/other=0	dungeon=31(ownership)	false
4218	4	map/ShallowKeep/n4214(1,1).map	PVP无名	[802 804]	object=815 -> monster=403 level=40 ref=MapObject/BreakableObject/ShallowKeepCoffin.obj	presentation=0/declared=3/scripted=0/other=0	dungeon=31(ownership)	false
4220	4	map/ShallowKeep/n4216(2,1).map	PVP无名	[802 804]	object=815 -> monster=404 level=40 ref=MapObject/BreakableObject/ShallowKeepCoffin.obj	presentation=0/declared=3/scripted=0/other=0	dungeon=31(ownership)	false
4221	4	map/ShallowKeep/h4201(1,3).map	PVP无名	[805 812 813]	object=815 -> monster=403 level=40 ref=MapObject/BreakableObject/ShallowKeepCoffin.obj; object=815 -> monster=404 level=40 ref=MapObject/BreakableObject/ShallowKeepCoffin.obj	presentation=0/declared=5/scripted=0/other=0	dungeon=31(ownership)	false
4222	4	map/ShallowKeep/h4202(2,3).map	PVP无名	[805 812 813 814]	object=815 -> monster=403 level=40 ref=MapObject/BreakableObject/ShallowKeepCoffin.obj; object=815 -> monster=404 level=40 ref=MapObject/BreakableObject/ShallowKeepCoffin.obj	presentation=0/declared=6/scripted=0/other=0	dungeon=31 maze=1 (2,3) spec:map; dungeon=31(ownership)	false
4223	4	map/ShallowKeep/h4203(0,3).map	PVP无名	[805 811 813]	object=815 -> monster=403 level=40 ref=MapObject/BreakableObject/ShallowKeepCoffin.obj; object=815 -> monster=403 level=40 ref=MapObject/BreakableObject/ShallowKeepCoffin.obj; object=815 -> monster=403 level=40 ref=MapObject/BreakableObject/ShallowKeepCoffin.obj	presentation=0/declared=6/scripted=0/other=0	dungeon=31(ownership)	false
4224	4	map/ShallowKeep/h4204(3,3).map	PVP无名	[804 811 812]	object=815 -> monster=403 level=40 ref=MapObject/BreakableObject/ShallowKeepCoffin.obj; object=815 -> monster=403 level=40 ref=MapObject/BreakableObject/ShallowKeepCoffin.obj; object=815 -> monster=404 level=40 ref=MapObject/BreakableObject/ShallowKeepCoffin.obj; object=815 -> monster=404 level=40 ref=MapObject/BreakableObject/ShallowKeepCoffin.obj	presentation=0/declared=6/scripted=0/other=0	dungeon=31(ownership)	false
4225	4	map/ShallowKeep/h4205(0,4).map	PVP无名	[804 811 813 814]	object=815 -> monster=403 level=40 ref=MapObject/BreakableObject/ShallowKeepCoffin.obj; object=815 -> monster=403 level=40 ref=MapObject/BreakableObject/ShallowKeepCoffin.obj; object=815 -> monster=404 level=40 ref=MapObject/BreakableObject/ShallowKeepCoffin.obj	presentation=0/declared=7/scripted=0/other=0	dungeon=31(ownership)	false
4226	4	map/ShallowKeep/h4206(1,4).map	PVP无名	[804 805]	object=815 -> monster=403 level=40 ref=MapObject/BreakableObject/ShallowKeepCoffin.obj; object=815 -> monster=403 level=40 ref=MapObject/BreakableObject/ShallowKeepCoffin.obj; object=815 -> monster=403 level=40 ref=MapObject/BreakableObject/ShallowKeepCoffin.obj; object=815 -> monster=403 level=40 ref=MapObject/BreakableObject/ShallowKeepCoffin.obj; object=815 -> monster=403 level=40 ref=MapObject/BreakableObject/ShallowKeepCoffin.obj; object=815 -> monster=403 level=40 ref=MapObject/BreakableObject/ShallowKeepCoffin.obj	presentation=0/declared=5/scripted=0/other=0	dungeon=31(ownership)	false
4227	4	map/ShallowKeep/h4207(2,4).map	PVP无名	[804 805 813]	object=815 -> monster=403 level=40 ref=MapObject/BreakableObject/ShallowKeepCoffin.obj; object=815 -> monster=403 level=40 ref=MapObject/BreakableObject/ShallowKeepCoffin.obj; object=815 -> monster=403 level=40 ref=MapObject/BreakableObject/ShallowKeepCoffin.obj	presentation=0/declared=6/scripted=0/other=0	dungeon=31(ownership)	false
4228	4	map/ShallowKeep/h4208(3,4).map	PVP无名	[805 811 812 813 814]	object=815 -> monster=403 level=40 ref=MapObject/BreakableObject/ShallowKeepCoffin.obj; object=815 -> monster=403 level=40 ref=MapObject/BreakableObject/ShallowKeepCoffin.obj	presentation=0/declared=8/scripted=0/other=0	dungeon=31(ownership)	false
4229	4	map/ShallowKeep/h4209(1,0).map	PVP无名	[805]	object=815 -> monster=403 level=40 ref=MapObject/BreakableObject/ShallowKeepCoffin.obj; object=815 -> monster=404 level=40 ref=MapObject/BreakableObject/ShallowKeepCoffin.obj	presentation=0/declared=3/scripted=0/other=0	dungeon=31 maze=1 (1,0) spec:map; dungeon=31 maze=1 (2,0) spec:map; dungeon=31(ownership)	false
4231	4	map/ShallowKeep/h4211(2,0).map	PVP无名	[804]	object=815 -> monster=403 level=40 ref=MapObject/BreakableObject/ShallowKeepCoffin.obj; object=815 -> monster=403 level=40 ref=MapObject/BreakableObject/ShallowKeepCoffin.obj; object=815 -> monster=600 level=40 ref=MapObject/BreakableObject/ShallowKeepCoffin.obj; object=815 -> monster=602 level=40 ref=MapObject/BreakableObject/ShallowKeepCoffin.obj	presentation=0/declared=2/scripted=0/other=0	dungeon=31 maze=1 (1,0) spec:map; dungeon=31 maze=1 (2,0) spec:map; dungeon=31(ownership)	false
4232	4	map/ShallowKeep/h4212(2,0).map	PVP无名	[805]	object=815 -> monster=403 level=40 ref=MapObject/BreakableObject/ShallowKeepCoffin.obj	presentation=0/declared=3/scripted=0/other=0	dungeon=31 maze=1 (2,0) spec:map; dungeon=31(ownership)	false
4233	4	map/ShallowKeep/h4213(0,0).map	PVP无名	[802 804 813]	object=815 -> monster=403 level=40 ref=MapObject/BreakableObject/ShallowKeepCoffin.obj; object=815 -> monster=403 level=40 ref=MapObject/BreakableObject/ShallowKeepCoffin.obj; object=815 -> monster=404 level=40 ref=MapObject/BreakableObject/ShallowKeepCoffin.obj	presentation=0/declared=7/scripted=0/other=0	dungeon=31(ownership)	false
4234	4	map/ShallowKeep/h4214(3,0).map	PVP无名	[805 813]	object=815 -> monster=403 level=40 ref=MapObject/BreakableObject/ShallowKeepCoffin.obj; object=815 -> monster=403 level=40 ref=MapObject/BreakableObject/ShallowKeepCoffin.obj; object=815 -> monster=404 level=40 ref=MapObject/BreakableObject/ShallowKeepCoffin.obj	presentation=0/declared=7/scripted=0/other=0	dungeon=31(ownership)	false
4235	4	map/ShallowKeep/b4201.map	PVP无名	[804 812 813]	object=815 -> monster=403 level=40 ref=MapObject/BreakableObject/ShallowKeepCoffin.obj; object=815 -> monster=403 level=40 ref=MapObject/BreakableObject/ShallowKeepCoffin.obj; object=815 -> monster=404 level=40 ref=MapObject/BreakableObject/ShallowKeepCoffin.obj	presentation=0/declared=7/scripted=0/other=0	dungeon=31(ownership)	false
4236	4	map/ShallowKeep/b4202.map	PVP无名	[805 812 813]	object=815 -> monster=600 level=40 ref=MapObject/BreakableObject/ShallowKeepCoffin.obj; object=815 -> monster=600 level=40 ref=MapObject/BreakableObject/ShallowKeepCoffin.obj; object=815 -> monster=600 level=40 ref=MapObject/BreakableObject/ShallowKeepCoffin.obj	presentation=0/declared=7/scripted=0/other=0	dungeon=31(ownership)	false
4401	4	map/MarpissaLair/s4401.map	PVP无名	[109006924]	object=109006930 -> monster=403 level=41 ref=ActionObject/Map/Cataclysm/Alflaylah/MarpissaLair/Coffin/SC_Coffin.obj	presentation=0/declared=0/scripted=3/other=0	dungeon=32(ownership)	false
4403	4	map/MarpissaLair/e4401.map	PVP无名	[805 821 822]	object=815 -> monster=403 level=41 ref=MapObject/BreakableObject/ShallowKeepCoffin.obj	presentation=0/declared=4/scripted=0/other=0	dungeon=32(ownership)	false
4404	4	map/MarpissaLair/e4402.map	PVP无名	[805 821]	object=815 -> monster=403 level=41 ref=MapObject/BreakableObject/ShallowKeepCoffin.obj; object=815 -> monster=403 level=41 ref=MapObject/BreakableObject/ShallowKeepCoffin.obj	presentation=0/declared=3/scripted=0/other=0	dungeon=32(ownership)	false
4408	4	map/MarpissaLair/n4404(3,1).map	PVP无名	[109006923]	object=109006930 -> monster=420 level=41 ref=ActionObject/Map/Cataclysm/Alflaylah/MarpissaLair/Coffin/SC_Coffin.obj	presentation=0/declared=0/scripted=2/other=0	dungeon=32 maze=1 (3,0) spec:map; dungeon=32 maze=1 (3,1) spec:map; dungeon=32(ownership)	false
4410	4	map/MarpissaLair/n4406(2,2).map	PVP无名	[109006923]	object=109006930 -> monster=403 level=41 ref=ActionObject/Map/Cataclysm/Alflaylah/MarpissaLair/Coffin/SC_Coffin.obj	presentation=0/declared=1/scripted=2/other=0	dungeon=32 maze=1 (2,2) spec:map; dungeon=32(ownership)	false
4411	4	map/MarpissaLair/n4407(3,2).map	PVP无名	[109006923]	object=109006930 -> monster=403 level=41 ref=ActionObject/Map/Cataclysm/Alflaylah/MarpissaLair/Coffin/SC_Coffin.obj; object=109006930 -> monster=403 level=41 ref=ActionObject/Map/Cataclysm/Alflaylah/MarpissaLair/Coffin/SC_Coffin.obj; object=109006930 -> monster=403 level=41 ref=ActionObject/Map/Cataclysm/Alflaylah/MarpissaLair/Coffin/SC_Coffin.obj	presentation=0/declared=1/scripted=2/other=0	dungeon=32(ownership)	false
4412	4	map/MarpissaLair/n4408(3,3).map	PVP无名	[823]	object=109006930 -> monster=403 level=42 ref=ActionObject/Map/Cataclysm/Alflaylah/MarpissaLair/Coffin/SC_Coffin.obj; object=109006930 -> monster=403 level=42 ref=ActionObject/Map/Cataclysm/Alflaylah/MarpissaLair/Coffin/SC_Coffin.obj	presentation=0/declared=1/scripted=2/other=0	dungeon=32(ownership)	false
4413	4	map/MarpissaLair/h4401(4,2).map	PVP无名	[819 109006923]	object=109006930 -> monster=403 level=42 ref=ActionObject/Map/Cataclysm/Alflaylah/MarpissaLair/Coffin/SC_Coffin.obj; object=109006930 -> monster=403 level=42 ref=ActionObject/Map/Cataclysm/Alflaylah/MarpissaLair/Coffin/SC_Coffin.obj	presentation=0/declared=1/scripted=4/other=0	dungeon=32 maze=1 (3,4) spec:map; dungeon=32 maze=1 (4,2) spec:map; dungeon=32(ownership)	false
4414	4	map/MarpissaLair/h4402(4,3).map	PVP无名	[819]	object=109006930 -> monster=420 level=42 ref=ActionObject/Map/Cataclysm/Alflaylah/MarpissaLair/Coffin/SC_Coffin.obj; object=109006930 -> monster=420 level=42 ref=ActionObject/Map/Cataclysm/Alflaylah/MarpissaLair/Coffin/SC_Coffin.obj	presentation=0/declared=1/scripted=3/other=0	dungeon=32 maze=1 (4,3) spec:map; dungeon=32(ownership)	false
4416	4	map/MarpissaLair/h4404(4,0).map	PVP无名	[823 109006924]	object=109006930 -> monster=403 level=42 ref=ActionObject/Map/Cataclysm/Alflaylah/MarpissaLair/Coffin/SC_Coffin.obj; object=109006930 -> monster=403 level=42 ref=ActionObject/Map/Cataclysm/Alflaylah/MarpissaLair/Coffin/SC_Coffin.obj; object=109006930 -> monster=403 level=42 ref=ActionObject/Map/Cataclysm/Alflaylah/MarpissaLair/Coffin/SC_Coffin.obj	presentation=0/declared=2/scripted=4/other=0	dungeon=32(ownership)	false
4417	4	map/MarpissaLair/h4405(5,2).map	PVP无名	[823]	object=109006930 -> monster=420 level=42 ref=ActionObject/Map/Cataclysm/Alflaylah/MarpissaLair/Coffin/SC_Coffin.obj; object=109006930 -> monster=420 level=42 ref=ActionObject/Map/Cataclysm/Alflaylah/MarpissaLair/Coffin/SC_Coffin.obj; object=109006930 -> monster=420 level=42 ref=ActionObject/Map/Cataclysm/Alflaylah/MarpissaLair/Coffin/SC_Coffin.obj	presentation=0/declared=2/scripted=3/other=0	dungeon=32(ownership)	false
4418	4	map/MarpissaLair/h4406(5,3).map	PVP无名	[822 823]	object=109006930 -> monster=420 level=42 ref=ActionObject/Map/Cataclysm/Alflaylah/MarpissaLair/Coffin/SC_Coffin.obj; object=109006930 -> monster=420 level=42 ref=ActionObject/Map/Cataclysm/Alflaylah/MarpissaLair/Coffin/SC_Coffin.obj; object=109006930 -> monster=420 level=42 ref=ActionObject/Map/Cataclysm/Alflaylah/MarpissaLair/Coffin/SC_Coffin.obj	presentation=0/declared=3/scripted=3/other=0	dungeon=32(ownership)	false
4419	4	map/MarpissaLair/h4407(4,4).map	PVP无名	[822 823 109006924]	object=109006930 -> monster=420 level=42 ref=ActionObject/Map/Cataclysm/Alflaylah/MarpissaLair/Coffin/SC_Coffin.obj; object=109006930 -> monster=420 level=42 ref=ActionObject/Map/Cataclysm/Alflaylah/MarpissaLair/Coffin/SC_Coffin.obj; object=109006930 -> monster=420 level=42 ref=ActionObject/Map/Cataclysm/Alflaylah/MarpissaLair/Coffin/SC_Coffin.obj	presentation=0/declared=3/scripted=4/other=0	dungeon=32(ownership)	false
4420	4	map/MarpissaLair/b4401(5,2).map	PVP无名	[819]	object=109006930 -> monster=420 level=42 ref=ActionObject/Map/Cataclysm/Alflaylah/MarpissaLair/Coffin/SC_Coffin.obj; object=109006930 -> monster=420 level=42 ref=ActionObject/Map/Cataclysm/Alflaylah/MarpissaLair/Coffin/SC_Coffin.obj; object=109006930 -> monster=420 level=42 ref=ActionObject/Map/Cataclysm/Alflaylah/MarpissaLair/Coffin/SC_Coffin.obj	presentation=0/declared=2/scripted=3/other=0	dungeon=32(ownership)	false
4421	4	map/MarpissaLair/b4402(5,3).map	PVP无名	[819]	object=109006930 -> monster=420 level=42 ref=ActionObject/Map/Cataclysm/Alflaylah/MarpissaLair/Coffin/SC_Coffin.obj; object=109006930 -> monster=420 level=42 ref=ActionObject/Map/Cataclysm/Alflaylah/MarpissaLair/Coffin/SC_Coffin.obj; object=109006930 -> monster=420 level=42 ref=ActionObject/Map/Cataclysm/Alflaylah/MarpissaLair/Coffin/SC_Coffin.obj	presentation=0/declared=2/scripted=3/other=0	dungeon=32 maze=1 (5,3) spec:boss; dungeon=32(ownership)	false
4422	4	map/MarpissaLair/b4403(4,4).map	PVP无名	[819 109006924]	object=109006930 -> monster=420 level=42 ref=ActionObject/Map/Cataclysm/Alflaylah/MarpissaLair/Coffin/SC_Coffin.obj; object=109006930 -> monster=420 level=42 ref=ActionObject/Map/Cataclysm/Alflaylah/MarpissaLair/Coffin/SC_Coffin.obj; object=109006930 -> monster=420 level=42 ref=ActionObject/Map/Cataclysm/Alflaylah/MarpissaLair/Coffin/SC_Coffin.obj	presentation=0/declared=2/scripted=4/other=0	dungeon=32(ownership)	false
4423	4	map/MarpissaLair/apc(1,1).map	PVP无名	[821 822 109006924]	object=109006930 -> monster=403 level=41 ref=ActionObject/Map/Cataclysm/Alflaylah/MarpissaLair/Coffin/SC_Coffin.obj	presentation=0/declared=2/scripted=2/other=0	dungeon=32 maze=1 (1,1) spec:map; dungeon=32(ownership)	false
4424	4	map/MarpissaLair/apc(1,2).map	PVP无名	[109006923]	object=109006930 -> monster=403 level=41 ref=ActionObject/Map/Cataclysm/Alflaylah/MarpissaLair/Coffin/SC_Coffin.obj	presentation=0/declared=1/scripted=2/other=0	dungeon=32(ownership)	false
4425	4	map/MarpissaLair/peris(0,1).map	PVP无名	[822 823 109006924]	object=109006930 -> monster=420 level=42 ref=ActionObject/Map/Cataclysm/Alflaylah/MarpissaLair/Coffin/SC_Coffin.obj; object=109006930 -> monster=420 level=42 ref=ActionObject/Map/Cataclysm/Alflaylah/MarpissaLair/Coffin/SC_Coffin.obj; object=109006930 -> monster=420 level=42 ref=ActionObject/Map/Cataclysm/Alflaylah/MarpissaLair/Coffin/SC_Coffin.obj	presentation=0/declared=3/scripted=4/other=0	dungeon=32(ownership)	false
4426	4	map/MarpissaLair/perisstart(4,0).map	PVP无名	[109006924]	object=109006930 -> monster=403 level=41 ref=ActionObject/Map/Cataclysm/Alflaylah/MarpissaLair/Coffin/SC_Coffin.obj	presentation=0/declared=0/scripted=3/other=0	dungeon=32(ownership)	false
4427	4	map/MarpissaLair/peris(1,1).map	PVP无名	[805 821 822]	object=815 -> monster=403 level=41 ref=MapObject/BreakableObject/ShallowKeepCoffin.obj	presentation=0/declared=4/scripted=0/other=0	dungeon=32(ownership)	false
5004	4	map/MagmaCave/n5001.map	PVP无名	[804]	object=109006931 -> monster=403 level=45 ref=ActionObject/Map/Cataclysm/Alflaylah/lava_cave/Coffin/LC_Coffin.obj; object=109006931 -> monster=404 level=45 ref=ActionObject/Map/Cataclysm/Alflaylah/lava_cave/Coffin/LC_Coffin.obj	presentation=0/declared=1/scripted=2/other=0	dungeon=34 maze=1 (1,2) spec:map; dungeon=34(ownership)	false
5007	4	map/MagmaCave/h5001.map	PVP无名	[737]	object=109006931 -> monster=601 level=46 ref=ActionObject/Map/Cataclysm/Alflaylah/lava_cave/Coffin/LC_Coffin.obj; object=109006931 -> monster=601 level=46 ref=ActionObject/Map/Cataclysm/Alflaylah/lava_cave/Coffin/LC_Coffin.obj; object=109006931 -> monster=601 level=46 ref=ActionObject/Map/Cataclysm/Alflaylah/lava_cave/Coffin/LC_Coffin.obj	presentation=0/declared=1/scripted=1/other=0	dungeon=34 maze=1 (2,4) spec:map; dungeon=34(ownership)	false
5008	4	map/MagmaCave/h5002.map	PVP无名	[1056]	object=109006931 -> monster=408 level=46 ref=ActionObject/Map/Cataclysm/Alflaylah/lava_cave/Coffin/LC_Coffin.obj; object=109006931 -> monster=408 level=46 ref=ActionObject/Map/Cataclysm/Alflaylah/lava_cave/Coffin/LC_Coffin.obj	presentation=0/declared=1/scripted=2/other=0	dungeon=34 maze=1 (2,5) spec:map; dungeon=34(ownership)	false
5010	4	map/MagmaCave/h5004.map	PVP无名	[735 736 737 1056]	object=109006931 -> monster=408 level=46 ref=ActionObject/Map/Cataclysm/Alflaylah/lava_cave/Coffin/LC_Coffin.obj	presentation=0/declared=4/scripted=1/other=0	dungeon=34 maze=1 (0,4) spec:map; dungeon=34(ownership)	false
5407	4	map/DarkelfCemetary/n5402.map	PVP无名	[806 811]	object=815 -> monster=1000 level=44 ref=MapObject/BreakableObject/ShallowKeepCoffin.obj; object=815 -> monster=1001 level=44 ref=MapObject/BreakableObject/ShallowKeepCoffin.obj	presentation=0/declared=4/scripted=0/other=0	dungeon=35(ownership)	false
5410	4	map/DarkelfCemetary/n5405.map	PVP无名	[806 811 815]	object=815 -> monster=1000 level=44 ref=MapObject/BreakableObject/ShallowKeepCoffin.obj; object=815 -> monster=1001 level=44 ref=MapObject/BreakableObject/ShallowKeepCoffin.obj	presentation=0/declared=4/scripted=0/other=0	dungeon=35(ownership)	false
5413	4	map/DarkelfCemetary/h5402.map	PVP无名	[844]	object=815 -> monster=1000 level=44 ref=MapObject/BreakableObject/ShallowKeepCoffin.obj; object=815 -> monster=1000 level=44 ref=MapObject/BreakableObject/ShallowKeepCoffin.obj	presentation=0/declared=2/scripted=0/other=0	dungeon=35(ownership)	false
5417	4	map/DarkelfCemetary/h5406.map	PVP无名	[806 811]	object=815 -> monster=1000 level=44 ref=MapObject/BreakableObject/ShallowKeepCoffin.obj; object=815 -> monster=1000 level=44 ref=MapObject/BreakableObject/ShallowKeepCoffin.obj; object=815 -> monster=1000 level=44 ref=MapObject/BreakableObject/ShallowKeepCoffin.obj	presentation=0/declared=5/scripted=0/other=0	dungeon=35(ownership)	false
5419	4	map/DarkelfCemetary/h5408.map	PVP无名	[844]	object=815 -> monster=1000 level=44 ref=MapObject/BreakableObject/ShallowKeepCoffin.obj; object=815 -> monster=1000 level=44 ref=MapObject/BreakableObject/ShallowKeepCoffin.obj	presentation=0/declared=2/scripted=0/other=0	dungeon=35(ownership)	false
5423	4	map/DarkelfCemetary/h5412.map	PVP无名	[806 811]	object=815 -> monster=1000 level=44 ref=MapObject/BreakableObject/ShallowKeepCoffin.obj; object=815 -> monster=1000 level=44 ref=MapObject/BreakableObject/ShallowKeepCoffin.obj; object=815 -> monster=1000 level=44 ref=MapObject/BreakableObject/ShallowKeepCoffin.obj	presentation=0/declared=5/scripted=0/other=0	dungeon=35(ownership)	false
6501	4	map/BloodButterfly/6501(3,4)Start.map	PVP无名	[10014]	object=8938 -> monster=62014 level=48 ref=ActionObject/Map/BloodButterfly/Trap_2.obj; object=8938 -> monster=62015 level=48 ref=ActionObject/Map/BloodButterfly/Trap_2.obj; object=8939 -> monster=62014 level=48 ref=ActionObject/Map/BloodButterfly/Trap_1.obj	presentation=0/declared=0/scripted=4/other=0	dungeon=52 maze=1 (3,4) spec:map; dungeon=52 maze=2 (3,4) spec:map; dungeon=52 maze=3 (3,4) spec:map; dungeon=52 maze=4 (3,4) spec:map; dungeon=52 maze=5 (3,4) spec:map; dungeon=52 maze=6 (3,4) spec:map; dungeon=52(ownership)	false
6516	4	map/BloodButterfly/6516(1,4)Hero.map	PVP无名	[8732 10016 10017 10018 10019]	object=8938 -> monster=62014 level=48 ref=ActionObject/Map/BloodButterfly/Trap_2.obj; object=8938 -> monster=62014 level=48 ref=ActionObject/Map/BloodButterfly/Trap_2.obj; object=8938 -> monster=62014 level=48 ref=ActionObject/Map/BloodButterfly/Trap_2.obj; object=8938 -> monster=62014 level=48 ref=ActionObject/Map/BloodButterfly/Trap_2.obj; object=8938 -> monster=62014 level=48 ref=ActionObject/Map/BloodButterfly/Trap_2.obj; object=8938 -> monster=62014 level=48 ref=ActionObject/Map/BloodButterfly/Trap_2.obj; object=8938 -> monster=62015 level=48 ref=ActionObject/Map/BloodButterfly/Trap_2.obj; object=8938 -> monster=62015 level=48 ref=ActionObject/Map/BloodButterfly/Trap_2.obj; object=8938 -> monster=62015 level=48 ref=ActionObject/Map/BloodButterfly/Trap_2.obj; object=8938 -> monster=62015 level=48 ref=ActionObject/Map/BloodButterfly/Trap_2.obj; object=8939 -> monster=62014 level=48 ref=ActionObject/Map/BloodButterfly/Trap_1.obj; object=8939 -> monster=62014 level=48 ref=ActionObject/Map/BloodButterfly/Trap_1.obj; object=8939 -> monster=62015 level=48 ref=ActionObject/Map/BloodButterfly/Trap_1.obj; object=8939 -> monster=62015 level=48 ref=ActionObject/Map/BloodButterfly/Trap_1.obj	presentation=0/declared=4/scripted=3/other=0	dungeon=52(ownership)	false
6517	4	map/BloodButterfly/6517(1,3)NamedHero.map	PVP无名	[8919 10016 10017]	object=8938 -> monster=62014 level=48 ref=ActionObject/Map/BloodButterfly/Trap_2.obj; object=8938 -> monster=62014 level=48 ref=ActionObject/Map/BloodButterfly/Trap_2.obj; object=8938 -> monster=62014 level=48 ref=ActionObject/Map/BloodButterfly/Trap_2.obj; object=8938 -> monster=62014 level=48 ref=ActionObject/Map/BloodButterfly/Trap_2.obj; object=8939 -> monster=62015 level=48 ref=ActionObject/Map/BloodButterfly/Trap_1.obj	presentation=0/declared=2/scripted=3/other=0	dungeon=52(ownership)	false
8549	4	map/166_ice_wall/basic_h2815.map	PVP无名	[221 222 1011 1012 3000 3002 3003 3004 3005 3006]	object=221 -> monster=210 level=19 ref=MapObject/BreakableObject/Barrel.obj; object=221 -> monster=210 level=19 ref=MapObject/BreakableObject/Barrel.obj; object=221 -> monster=211 level=19 ref=MapObject/BreakableObject/Barrel.obj; object=221 -> monster=211 level=19 ref=MapObject/BreakableObject/Barrel.obj; object=221 -> monster=5002 level=19 ref=MapObject/BreakableObject/Barrel.obj	presentation=0/declared=10/scripted=0/other=0	dungeon=166(ownership)	false
13302	4	map/deadmoon_new/h1.map	PVP无名	[247 248 261 293]	object=221 -> monster=210 level=17 ref=MapObject/BreakableObject/Barrel.obj; object=221 -> monster=211 level=17 ref=MapObject/BreakableObject/Barrel.obj; object=221 -> monster=211 level=17 ref=MapObject/BreakableObject/Barrel.obj; object=221 -> monster=5002 level=16 ref=MapObject/BreakableObject/Barrel.obj	presentation=0/declared=7/scripted=0/other=0	dungeon=521 maze=0 (0,0) spec:map; dungeon=521(ownership); dungeon=523 maze=0 (0,0) spec:map; dungeon=523(ownership)	false
13304	4	map/deadmoon_new/h3.map	PVP无名	[221 292 293]	object=221 -> monster=210 level=18 ref=MapObject/BreakableObject/Barrel.obj	presentation=0/declared=6/scripted=0/other=0	dungeon=521(ownership); dungeon=523(ownership)	false
13305	4	map/deadmoon_new/h4.map	PVP无名	[251 252 254 255 257 1008 1010]	object=221 -> monster=211 level=19 ref=MapObject/BreakableObject/Barrel.obj	presentation=0/declared=9/scripted=0/other=0	dungeon=521(ownership); dungeon=523(ownership)	false
13307	4	map/deadmoon_new/h6.map	PVP无名	[221 296]	object=221 -> monster=12 level=18 ref=MapObject/BreakableObject/Barrel.obj; object=221 -> monster=5002 level=18 ref=MapObject/BreakableObject/Barrel.obj	presentation=0/declared=3/scripted=0/other=0	dungeon=521 maze=0 (3,0) spec:map; dungeon=521(ownership); dungeon=523 maze=0 (3,0) spec:map; dungeon=523(ownership)	false
13308	4	map/deadmoon_new/h7.map	PVP无名	[221 293 1011 3001 3003]	object=221 -> monster=5002 level=19 ref=MapObject/BreakableObject/Barrel.obj	presentation=0/declared=6/scripted=0/other=0	dungeon=521 maze=0 (4,0) spec:map; dungeon=521(ownership); dungeon=523 maze=0 (4,0) spec:map; dungeon=523(ownership)	false
16400	4	map/SuspiciousVillage/(0,3)normal.map	PVP无名	[10220 10225 10226 10228 15336]	object=10231 -> monster=61479 level=50 ref=ActionObject/Map/suspicion/mimicbox.obj; object=10231 -> monster=61479 level=50 ref=ActionObject/Map/suspicion/mimicbox.obj; object=10231 -> monster=61479 level=50 ref=ActionObject/Map/suspicion/mimicbox.obj; object=10231 -> monster=61479 level=50 ref=ActionObject/Map/suspicion/mimicbox.obj; object=10231 -> monster=61479 level=50 ref=ActionObject/Map/suspicion/mimicbox.obj; object=10231 -> monster=61479 level=50 ref=ActionObject/Map/suspicion/mimicbox.obj; object=10231 -> monster=61479 level=50 ref=ActionObject/Map/suspicion/mimicbox.obj; object=10231 -> monster=61479 level=50 ref=ActionObject/Map/suspicion/mimicbox.obj	presentation=0/declared=4/scripted=2/other=0	dungeon=53 maze=0 (0,3) spec:map; dungeon=53 maze=1 (0,3) spec:map; dungeon=53(ownership)	true
16404	4	map/SuspiciousVillage/(1,5)normal.map	PVP无名	[10222 10225 10229 10230]	object=10231 -> monster=61479 level=50 ref=ActionObject/Map/suspicion/mimicbox.obj; object=10231 -> monster=61479 level=50 ref=ActionObject/Map/suspicion/mimicbox.obj; object=10231 -> monster=61479 level=50 ref=ActionObject/Map/suspicion/mimicbox.obj	presentation=0/declared=3/scripted=2/other=0	dungeon=53 maze=0 (1,5) spec:map; dungeon=53 maze=1 (1,5) spec:map; dungeon=53(ownership)	true
16405	4	map/SuspiciousVillage/(2,1)normal.map	PVP无名	[8923]	object=10231 -> monster=61479 level=50 ref=ActionObject/Map/suspicion/mimicbox.obj; object=10231 -> monster=61479 level=50 ref=ActionObject/Map/suspicion/mimicbox.obj; object=10231 -> monster=61479 level=50 ref=ActionObject/Map/suspicion/mimicbox.obj; object=10231 -> monster=61479 level=50 ref=ActionObject/Map/suspicion/mimicbox.obj	presentation=0/declared=1/scripted=1/other=0	dungeon=53 maze=0 (1,1) spec:map; dungeon=53(ownership)	true
16408	4	map/SuspiciousVillage/(2,5)start.map	PVP无名	[1111 1113]	object=1112 -> monster=56716 level=49 ref=MapObject/Obstacle/ElevatorSummon.obj	presentation=3/declared=0/scripted=0/other=0	dungeon=53 maze=0 (2,5) spec:map; dungeon=53(ownership)	true
16410	4	map/SuspiciousVillage/(3,1)normal.map	PVP无名	[10225 15336]	object=10231 -> monster=61479 level=50 ref=ActionObject/Map/suspicion/mimicbox.obj; object=10231 -> monster=61479 level=50 ref=ActionObject/Map/suspicion/mimicbox.obj; object=10231 -> monster=61479 level=50 ref=ActionObject/Map/suspicion/mimicbox.obj	presentation=0/declared=2/scripted=1/other=0	dungeon=53 maze=0 (3,1) spec:map; dungeon=53(ownership)	true
16413	4	map/SuspiciousVillage/(3,4)normal.map	PVP无名	[10227]	object=10231 -> monster=61479 level=50 ref=ActionObject/Map/suspicion/mimicbox.obj; object=10231 -> monster=61479 level=50 ref=ActionObject/Map/suspicion/mimicbox.obj; object=10231 -> monster=61479 level=50 ref=ActionObject/Map/suspicion/mimicbox.obj	presentation=0/declared=2/scripted=0/other=0	dungeon=53 maze=0 (3,4) spec:map; dungeon=53 maze=1 (3,4) spec:map; dungeon=53(ownership)	true
16415	4	map/SuspiciousVillage/(4,1)normal_1.map	PVP无名	[10031 10225 10226 10227 10229 10230 15336]	object=10231 -> monster=61479 level=50 ref=ActionObject/Map/suspicion/mimicbox.obj; object=10231 -> monster=61479 level=50 ref=ActionObject/Map/suspicion/mimicbox.obj; object=10231 -> monster=61479 level=50 ref=ActionObject/Map/suspicion/mimicbox.obj; object=10231 -> monster=61479 level=50 ref=ActionObject/Map/suspicion/mimicbox.obj; object=10231 -> monster=61479 level=50 ref=ActionObject/Map/suspicion/mimicbox.obj; object=10231 -> monster=61479 level=50 ref=ActionObject/Map/suspicion/mimicbox.obj	presentation=0/declared=4/scripted=4/other=0	dungeon=53 maze=0 (4,1) spec:map; dungeon=53(ownership)	true
16416	4	map/SuspiciousVillage/(4,1)normal_2.map	PVP无名	[10031 10225 10226 10227 10229 10230]	object=10231 -> monster=61479 level=50 ref=ActionObject/Map/suspicion/mimicbox.obj; object=10231 -> monster=61479 level=50 ref=ActionObject/Map/suspicion/mimicbox.obj; object=10231 -> monster=61479 level=50 ref=ActionObject/Map/suspicion/mimicbox.obj; object=10231 -> monster=61479 level=50 ref=ActionObject/Map/suspicion/mimicbox.obj; object=10231 -> monster=61479 level=50 ref=ActionObject/Map/suspicion/mimicbox.obj; object=10231 -> monster=61479 level=50 ref=ActionObject/Map/suspicion/mimicbox.obj	presentation=0/declared=4/scripted=3/other=0	dungeon=53 maze=0 (4,1) spec:map; dungeon=53(ownership)	true
16417	4	map/SuspiciousVillage/(4,1)normal_3.map	PVP无名	[10031 10225 10226 10227 10229 10230]	object=10231 -> monster=61479 level=50 ref=ActionObject/Map/suspicion/mimicbox.obj; object=10231 -> monster=61479 level=50 ref=ActionObject/Map/suspicion/mimicbox.obj; object=10231 -> monster=61479 level=50 ref=ActionObject/Map/suspicion/mimicbox.obj; object=10231 -> monster=61479 level=50 ref=ActionObject/Map/suspicion/mimicbox.obj; object=10231 -> monster=61479 level=50 ref=ActionObject/Map/suspicion/mimicbox.obj; object=10231 -> monster=61479 level=50 ref=ActionObject/Map/suspicion/mimicbox.obj	presentation=0/declared=4/scripted=3/other=0	dungeon=53 maze=0 (4,1) spec:map; dungeon=53(ownership)	true
16418	4	map/SuspiciousVillage/(4,1)normal_4.map	PVP无名	[10031 10225 10226 10227 10229 10230]	object=10231 -> monster=61479 level=50 ref=ActionObject/Map/suspicion/mimicbox.obj; object=10231 -> monster=61479 level=50 ref=ActionObject/Map/suspicion/mimicbox.obj; object=10231 -> monster=61479 level=50 ref=ActionObject/Map/suspicion/mimicbox.obj; object=10231 -> monster=61479 level=50 ref=ActionObject/Map/suspicion/mimicbox.obj; object=10231 -> monster=61479 level=50 ref=ActionObject/Map/suspicion/mimicbox.obj; object=10231 -> monster=61479 level=50 ref=ActionObject/Map/suspicion/mimicbox.obj	presentation=0/declared=4/scripted=3/other=0	dungeon=53 maze=0 (4,1) spec:map; dungeon=53(ownership)	true
16422	4	map/SuspiciousVillage/Hero(2,1)normal.map	PVP无名	[8923]	object=10231 -> monster=61479 level=49 ref=ActionObject/Map/suspicion/mimicbox.obj; object=10231 -> monster=61479 level=49 ref=ActionObject/Map/suspicion/mimicbox.obj; object=10231 -> monster=61479 level=49 ref=ActionObject/Map/suspicion/mimicbox.obj; object=10231 -> monster=61479 level=49 ref=ActionObject/Map/suspicion/mimicbox.obj; object=10231 -> monster=61479 level=49 ref=ActionObject/Map/suspicion/mimicbox.obj; object=10231 -> monster=61479 level=49 ref=ActionObject/Map/suspicion/mimicbox.obj; object=10231 -> monster=61479 level=49 ref=ActionObject/Map/suspicion/mimicbox.obj	presentation=0/declared=1/scripted=1/other=0	dungeon=53(ownership)	true
16423	4	map/SuspiciousVillage/Hero(4,1)normal_1.map	PVP无名	[10031 10225 10226 10227 10229 10230]	object=10231 -> monster=61479 level=49 ref=ActionObject/Map/suspicion/mimicbox.obj; object=10231 -> monster=61479 level=49 ref=ActionObject/Map/suspicion/mimicbox.obj; object=10231 -> monster=61479 level=49 ref=ActionObject/Map/suspicion/mimicbox.obj; object=10231 -> monster=61479 level=49 ref=ActionObject/Map/suspicion/mimicbox.obj; object=10231 -> monster=61479 level=49 ref=ActionObject/Map/suspicion/mimicbox.obj	presentation=0/declared=4/scripted=3/other=0	dungeon=53(ownership)	true
16424	4	map/SuspiciousVillage/Hero(4,1)normal_2.map	PVP无名	[10031 10225 10226 10227 10229 10230]	object=10231 -> monster=61479 level=49 ref=ActionObject/Map/suspicion/mimicbox.obj; object=10231 -> monster=61479 level=49 ref=ActionObject/Map/suspicion/mimicbox.obj; object=10231 -> monster=61479 level=49 ref=ActionObject/Map/suspicion/mimicbox.obj; object=10231 -> monster=61479 level=49 ref=ActionObject/Map/suspicion/mimicbox.obj; object=10231 -> monster=61479 level=49 ref=ActionObject/Map/suspicion/mimicbox.obj	presentation=0/declared=4/scripted=3/other=0	dungeon=53(ownership)	true
16425	4	map/SuspiciousVillage/Hero(4,1)normal_3.map	PVP无名	[10031 10225 10226 10227 10229 10230]	object=10231 -> monster=61479 level=49 ref=ActionObject/Map/suspicion/mimicbox.obj; object=10231 -> monster=61479 level=49 ref=ActionObject/Map/suspicion/mimicbox.obj; object=10231 -> monster=61479 level=49 ref=ActionObject/Map/suspicion/mimicbox.obj; object=10231 -> monster=61479 level=49 ref=ActionObject/Map/suspicion/mimicbox.obj; object=10231 -> monster=61479 level=49 ref=ActionObject/Map/suspicion/mimicbox.obj	presentation=0/declared=4/scripted=3/other=0	dungeon=53(ownership)	true
16426	4	map/SuspiciousVillage/Hero(4,1)normal_4.map	PVP无名	[10031 10225 10226 10227 10229 10230]	object=10231 -> monster=61479 level=49 ref=ActionObject/Map/suspicion/mimicbox.obj; object=10231 -> monster=61479 level=49 ref=ActionObject/Map/suspicion/mimicbox.obj; object=10231 -> monster=61479 level=49 ref=ActionObject/Map/suspicion/mimicbox.obj; object=10231 -> monster=61479 level=49 ref=ActionObject/Map/suspicion/mimicbox.obj; object=10231 -> monster=61479 level=49 ref=ActionObject/Map/suspicion/mimicbox.obj	presentation=0/declared=4/scripted=3/other=0	dungeon=53(ownership)	true
16429	4	map/SuspiciousVillage/(3,1)normal_quest.map	PVP无名	[10225]	object=10231 -> monster=61479 level=49 ref=ActionObject/Map/suspicion/mimicbox.obj; object=10231 -> monster=61479 level=49 ref=ActionObject/Map/suspicion/mimicbox.obj	presentation=0/declared=2/scripted=0/other=0	dungeon=53(ownership)	true
16433	4	map/SuspiciousVillage/Hero(1,5)normal.map	PVP无名	[10222 10225 10229 10230]	object=10231 -> monster=61479 level=49 ref=ActionObject/Map/suspicion/mimicbox.obj; object=10231 -> monster=61479 level=49 ref=ActionObject/Map/suspicion/mimicbox.obj; object=10231 -> monster=61479 level=49 ref=ActionObject/Map/suspicion/mimicbox.obj	presentation=0/declared=3/scripted=2/other=0	dungeon=53(ownership)	true
16435	4	map/SuspiciousVillage/Hero(3,1)normal.map	PVP无名	[8923 9001 10225]	object=10231 -> monster=61479 level=49 ref=ActionObject/Map/suspicion/mimicbox.obj; object=10231 -> monster=61479 level=49 ref=ActionObject/Map/suspicion/mimicbox.obj	presentation=0/declared=2/scripted=2/other=0	dungeon=53(ownership)	true
17045	4	map/GentDefence/17045_Boss.map	PVP无名	[8998 9389 9391 10145 10147]	object=14057 -> monster=61801 level=62 ref=ActionObject/Map/GentDefence/GentDefence_Wave1.obj; object=14057 -> monster=61801 level=62 ref=ActionObject/Map/GentDefence/GentDefence_Wave1.obj; object=14057 -> monster=61801 level=62 ref=ActionObject/Map/GentDefence/GentDefence_Wave1.obj; object=14057 -> monster=61803 level=62 ref=ActionObject/Map/GentDefence/GentDefence_Wave1.obj; object=14058 -> monster=61801 level=62 ref=ActionObject/Map/GentDefence/GentDefence_Wave1_2.obj; object=14058 -> monster=61801 level=62 ref=ActionObject/Map/GentDefence/GentDefence_Wave1_2.obj; object=14058 -> monster=61803 level=62 ref=ActionObject/Map/GentDefence/GentDefence_Wave1_2.obj; object=14058 -> monster=61803 level=62 ref=ActionObject/Map/GentDefence/GentDefence_Wave1_2.obj; object=14059 -> monster=59013 level=62 ref=ActionObject/Map/GentDefence/GentDefence_Wave1_3.obj; object=14059 -> monster=61494 level=62 ref=ActionObject/Map/GentDefence/GentDefence_Wave1_3.obj; object=14060 -> monster=61801 level=62 ref=ActionObject/Map/GentDefence/GentDefence_Wave2.obj; object=14060 -> monster=61801 level=62 ref=ActionObject/Map/GentDefence/GentDefence_Wave2.obj; object=14060 -> monster=61803 level=62 ref=ActionObject/Map/GentDefence/GentDefence_Wave2.obj; object=14060 -> monster=61803 level=62 ref=ActionObject/Map/GentDefence/GentDefence_Wave2.obj; object=14061 -> monster=61801 level=62 ref=ActionObject/Map/GentDefence/GentDefence_Wave2_2.obj; object=14061 -> monster=61801 level=62 ref=ActionObject/Map/GentDefence/GentDefence_Wave2_2.obj; object=14061 -> monster=61803 level=62 ref=ActionObject/Map/GentDefence/GentDefence_Wave2_2.obj; object=14061 -> monster=61803 level=62 ref=ActionObject/Map/GentDefence/GentDefence_Wave2_2.obj; object=14062 -> monster=59015 level=62 ref=ActionObject/Map/GentDefence/GentDefence_Wave2_3.obj; object=14062 -> monster=61494 level=62 ref=ActionObject/Map/GentDefence/GentDefence_Wave2_3.obj; object=14063 -> monster=61801 level=62 ref=ActionObject/Map/GentDefence/GentDefence_Wave3.obj; object=14063 -> monster=61801 level=62 ref=ActionObject/Map/GentDefence/GentDefence_Wave3.obj; object=14063 -> monster=61803 level=62 ref=ActionObject/Map/GentDefence/GentDefence_Wave3.obj; object=14063 -> monster=61803 level=62 ref=ActionObject/Map/GentDefence/GentDefence_Wave3.obj; object=14064 -> monster=61801 level=62 ref=ActionObject/Map/GentDefence/GentDefence_Wave3_2.obj; object=14064 -> monster=61801 level=62 ref=ActionObject/Map/GentDefence/GentDefence_Wave3_2.obj; object=14064 -> monster=61803 level=62 ref=ActionObject/Map/GentDefence/GentDefence_Wave3_2.obj; object=14064 -> monster=61803 level=62 ref=ActionObject/Map/GentDefence/GentDefence_Wave3_2.obj; object=14065 -> monster=59014 level=62 ref=ActionObject/Map/GentDefence/GentDefence_Wave3_3.obj; object=14065 -> monster=61494 level=62 ref=ActionObject/Map/GentDefence/GentDefence_Wave3_3.obj	presentation=0/declared=4/scripted=11/other=0	dungeon=89(ownership)	false
18105	4	map/ElvengardSF/18105(2,1)N.map	PVP无名	[231]	object=221 -> monster=1 level=4 ref=MapObject/BreakableObject/Barrel.obj; object=221 -> monster=1 level=4 ref=MapObject/BreakableObject/Barrel.obj; object=221 -> monster=2 level=4 ref=MapObject/BreakableObject/Barrel.obj; object=221 -> monster=2 level=4 ref=MapObject/BreakableObject/Barrel.obj	presentation=0/declared=3/scripted=0/other=0	dungeon=133 maze=0 (2,1) spec:map; dungeon=133(ownership)	false
18202	4	map/HendonMyreSF/18202(0,3)S.map	PVP无名	[3 4 282 286]	object=221 -> monster=1 level=4 ref=MapObject/BreakableObject/Barrel.obj; object=221 -> monster=1 level=4 ref=MapObject/BreakableObject/Barrel.obj; object=221 -> monster=2 level=4 ref=MapObject/BreakableObject/Barrel.obj; object=221 -> monster=2 level=4 ref=MapObject/BreakableObject/Barrel.obj	presentation=2/declared=5/scripted=0/other=0	dungeon=134 maze=0 (0,3) spec:map; dungeon=134(ownership)	false
18203	4	map/HendonMyreSF/18203(0,3)N.map	PVP无名	[3 4 282 286]	object=221 -> monster=1 level=4 ref=MapObject/BreakableObject/Barrel.obj; object=221 -> monster=1 level=4 ref=MapObject/BreakableObject/Barrel.obj; object=221 -> monster=2 level=4 ref=MapObject/BreakableObject/Barrel.obj; object=221 -> monster=2 level=4 ref=MapObject/BreakableObject/Barrel.obj	presentation=2/declared=4/scripted=0/other=0	dungeon=134 maze=0 (0,3) spec:map; dungeon=134(ownership)	false
18208	4	map/HendonMyreSF/18208(2,2)N.map	PVP无名	[3 4 221 231]	object=221 -> monster=4 level=4 ref=MapObject/BreakableObject/Barrel.obj	presentation=2/declared=2/scripted=0/other=0	dungeon=134 maze=0 (2,2) spec:map; dungeon=134(ownership)	false
21314	4	map/GentDefence_r/21314.map	PVP无名	[8998 9389 9391 10145 10147]	object=14057 -> monster=61801 level=62 ref=ActionObject/Map/GentDefence/GentDefence_Wave1.obj; object=14057 -> monster=61801 level=62 ref=ActionObject/Map/GentDefence/GentDefence_Wave1.obj; object=14057 -> monster=61801 level=62 ref=ActionObject/Map/GentDefence/GentDefence_Wave1.obj; object=14057 -> monster=61803 level=62 ref=ActionObject/Map/GentDefence/GentDefence_Wave1.obj; object=14058 -> monster=61801 level=62 ref=ActionObject/Map/GentDefence/GentDefence_Wave1_2.obj; object=14058 -> monster=61801 level=62 ref=ActionObject/Map/GentDefence/GentDefence_Wave1_2.obj; object=14058 -> monster=61803 level=62 ref=ActionObject/Map/GentDefence/GentDefence_Wave1_2.obj; object=14058 -> monster=61803 level=62 ref=ActionObject/Map/GentDefence/GentDefence_Wave1_2.obj; object=14059 -> monster=59013 level=62 ref=ActionObject/Map/GentDefence/GentDefence_Wave1_3.obj; object=14059 -> monster=61494 level=62 ref=ActionObject/Map/GentDefence/GentDefence_Wave1_3.obj; object=14060 -> monster=61801 level=62 ref=ActionObject/Map/GentDefence/GentDefence_Wave2.obj; object=14060 -> monster=61801 level=62 ref=ActionObject/Map/GentDefence/GentDefence_Wave2.obj; object=14060 -> monster=61803 level=62 ref=ActionObject/Map/GentDefence/GentDefence_Wave2.obj; object=14060 -> monster=61803 level=62 ref=ActionObject/Map/GentDefence/GentDefence_Wave2.obj; object=14061 -> monster=61801 level=62 ref=ActionObject/Map/GentDefence/GentDefence_Wave2_2.obj; object=14061 -> monster=61801 level=62 ref=ActionObject/Map/GentDefence/GentDefence_Wave2_2.obj; object=14061 -> monster=61803 level=62 ref=ActionObject/Map/GentDefence/GentDefence_Wave2_2.obj; object=14061 -> monster=61803 level=62 ref=ActionObject/Map/GentDefence/GentDefence_Wave2_2.obj; object=14062 -> monster=59015 level=62 ref=ActionObject/Map/GentDefence/GentDefence_Wave2_3.obj; object=14062 -> monster=61494 level=62 ref=ActionObject/Map/GentDefence/GentDefence_Wave2_3.obj; object=14063 -> monster=61801 level=62 ref=ActionObject/Map/GentDefence/GentDefence_Wave3.obj; object=14063 -> monster=61801 level=62 ref=ActionObject/Map/GentDefence/GentDefence_Wave3.obj; object=14063 -> monster=61803 level=62 ref=ActionObject/Map/GentDefence/GentDefence_Wave3.obj; object=14063 -> monster=61803 level=62 ref=ActionObject/Map/GentDefence/GentDefence_Wave3.obj; object=14064 -> monster=61801 level=62 ref=ActionObject/Map/GentDefence/GentDefence_Wave3_2.obj; object=14064 -> monster=61801 level=62 ref=ActionObject/Map/GentDefence/GentDefence_Wave3_2.obj; object=14064 -> monster=61803 level=62 ref=ActionObject/Map/GentDefence/GentDefence_Wave3_2.obj; object=14064 -> monster=61803 level=62 ref=ActionObject/Map/GentDefence/GentDefence_Wave3_2.obj; object=14065 -> monster=59014 level=62 ref=ActionObject/Map/GentDefence/GentDefence_Wave3_3.obj; object=14065 -> monster=61494 level=62 ref=ActionObject/Map/GentDefence/GentDefence_Wave3_3.obj	presentation=0/declared=4/scripted=11/other=0	dungeon=89 maze=0 (0,1) spec:boss; dungeon=89 maze=4 (0,1) spec:boss; dungeon=89(ownership)	false
21476	4	map/GentDefence_r/21476_2173(0,1).map	PVP无名	[8998 9389 9391 10145 10147]	object=14057 -> monster=61801 level=62 ref=ActionObject/Map/GentDefence/GentDefence_Wave1.obj; object=14057 -> monster=61801 level=62 ref=ActionObject/Map/GentDefence/GentDefence_Wave1.obj; object=14057 -> monster=61801 level=62 ref=ActionObject/Map/GentDefence/GentDefence_Wave1.obj; object=14057 -> monster=61803 level=62 ref=ActionObject/Map/GentDefence/GentDefence_Wave1.obj; object=14058 -> monster=61801 level=62 ref=ActionObject/Map/GentDefence/GentDefence_Wave1_2.obj; object=14058 -> monster=61801 level=62 ref=ActionObject/Map/GentDefence/GentDefence_Wave1_2.obj; object=14058 -> monster=61803 level=62 ref=ActionObject/Map/GentDefence/GentDefence_Wave1_2.obj; object=14058 -> monster=61803 level=62 ref=ActionObject/Map/GentDefence/GentDefence_Wave1_2.obj; object=14059 -> monster=59013 level=62 ref=ActionObject/Map/GentDefence/GentDefence_Wave1_3.obj; object=14059 -> monster=61494 level=62 ref=ActionObject/Map/GentDefence/GentDefence_Wave1_3.obj; object=14060 -> monster=61801 level=62 ref=ActionObject/Map/GentDefence/GentDefence_Wave2.obj; object=14060 -> monster=61801 level=62 ref=ActionObject/Map/GentDefence/GentDefence_Wave2.obj; object=14060 -> monster=61803 level=62 ref=ActionObject/Map/GentDefence/GentDefence_Wave2.obj; object=14060 -> monster=61803 level=62 ref=ActionObject/Map/GentDefence/GentDefence_Wave2.obj; object=14061 -> monster=61801 level=62 ref=ActionObject/Map/GentDefence/GentDefence_Wave2_2.obj; object=14061 -> monster=61801 level=62 ref=ActionObject/Map/GentDefence/GentDefence_Wave2_2.obj; object=14061 -> monster=61803 level=62 ref=ActionObject/Map/GentDefence/GentDefence_Wave2_2.obj; object=14061 -> monster=61803 level=62 ref=ActionObject/Map/GentDefence/GentDefence_Wave2_2.obj; object=14062 -> monster=59015 level=62 ref=ActionObject/Map/GentDefence/GentDefence_Wave2_3.obj; object=14062 -> monster=61494 level=62 ref=ActionObject/Map/GentDefence/GentDefence_Wave2_3.obj; object=14063 -> monster=61801 level=62 ref=ActionObject/Map/GentDefence/GentDefence_Wave3.obj; object=14063 -> monster=61801 level=62 ref=ActionObject/Map/GentDefence/GentDefence_Wave3.obj; object=14063 -> monster=61803 level=62 ref=ActionObject/Map/GentDefence/GentDefence_Wave3.obj; object=14063 -> monster=61803 level=62 ref=ActionObject/Map/GentDefence/GentDefence_Wave3.obj; object=14064 -> monster=61801 level=62 ref=ActionObject/Map/GentDefence/GentDefence_Wave3_2.obj; object=14064 -> monster=61801 level=62 ref=ActionObject/Map/GentDefence/GentDefence_Wave3_2.obj; object=14064 -> monster=61803 level=62 ref=ActionObject/Map/GentDefence/GentDefence_Wave3_2.obj; object=14064 -> monster=61803 level=62 ref=ActionObject/Map/GentDefence/GentDefence_Wave3_2.obj; object=14065 -> monster=59014 level=62 ref=ActionObject/Map/GentDefence/GentDefence_Wave3_3.obj; object=14065 -> monster=61494 level=62 ref=ActionObject/Map/GentDefence/GentDefence_Wave3_3.obj	presentation=0/declared=4/scripted=11/other=0	dungeon=89(ownership)	false
21490	4	map/GentDefence_r/21490_2174(0,1).map	PVP无名	[8998 9389 9391 10145 10147]	object=14057 -> monster=61801 level=62 ref=ActionObject/Map/GentDefence/GentDefence_Wave1.obj; object=14057 -> monster=61801 level=62 ref=ActionObject/Map/GentDefence/GentDefence_Wave1.obj; object=14057 -> monster=61801 level=62 ref=ActionObject/Map/GentDefence/GentDefence_Wave1.obj; object=14057 -> monster=61803 level=62 ref=ActionObject/Map/GentDefence/GentDefence_Wave1.obj; object=14058 -> monster=61801 level=62 ref=ActionObject/Map/GentDefence/GentDefence_Wave1_2.obj; object=14058 -> monster=61801 level=62 ref=ActionObject/Map/GentDefence/GentDefence_Wave1_2.obj; object=14058 -> monster=61803 level=62 ref=ActionObject/Map/GentDefence/GentDefence_Wave1_2.obj; object=14058 -> monster=61803 level=62 ref=ActionObject/Map/GentDefence/GentDefence_Wave1_2.obj; object=14059 -> monster=59013 level=62 ref=ActionObject/Map/GentDefence/GentDefence_Wave1_3.obj; object=14059 -> monster=61494 level=62 ref=ActionObject/Map/GentDefence/GentDefence_Wave1_3.obj; object=14060 -> monster=61801 level=62 ref=ActionObject/Map/GentDefence/GentDefence_Wave2.obj; object=14060 -> monster=61801 level=62 ref=ActionObject/Map/GentDefence/GentDefence_Wave2.obj; object=14060 -> monster=61803 level=62 ref=ActionObject/Map/GentDefence/GentDefence_Wave2.obj; object=14060 -> monster=61803 level=62 ref=ActionObject/Map/GentDefence/GentDefence_Wave2.obj; object=14061 -> monster=61801 level=62 ref=ActionObject/Map/GentDefence/GentDefence_Wave2_2.obj; object=14061 -> monster=61801 level=62 ref=ActionObject/Map/GentDefence/GentDefence_Wave2_2.obj; object=14061 -> monster=61803 level=62 ref=ActionObject/Map/GentDefence/GentDefence_Wave2_2.obj; object=14061 -> monster=61803 level=62 ref=ActionObject/Map/GentDefence/GentDefence_Wave2_2.obj; object=14062 -> monster=59015 level=62 ref=ActionObject/Map/GentDefence/GentDefence_Wave2_3.obj; object=14062 -> monster=61494 level=62 ref=ActionObject/Map/GentDefence/GentDefence_Wave2_3.obj; object=14063 -> monster=61801 level=62 ref=ActionObject/Map/GentDefence/GentDefence_Wave3.obj; object=14063 -> monster=61801 level=62 ref=ActionObject/Map/GentDefence/GentDefence_Wave3.obj; object=14063 -> monster=61803 level=62 ref=ActionObject/Map/GentDefence/GentDefence_Wave3.obj; object=14063 -> monster=61803 level=62 ref=ActionObject/Map/GentDefence/GentDefence_Wave3.obj; object=14064 -> monster=61801 level=62 ref=ActionObject/Map/GentDefence/GentDefence_Wave3_2.obj; object=14064 -> monster=61801 level=62 ref=ActionObject/Map/GentDefence/GentDefence_Wave3_2.obj; object=14064 -> monster=61803 level=62 ref=ActionObject/Map/GentDefence/GentDefence_Wave3_2.obj; object=14064 -> monster=61803 level=62 ref=ActionObject/Map/GentDefence/GentDefence_Wave3_2.obj; object=14065 -> monster=59014 level=62 ref=ActionObject/Map/GentDefence/GentDefence_Wave3_3.obj; object=14065 -> monster=61494 level=62 ref=ActionObject/Map/GentDefence/GentDefence_Wave3_3.obj	presentation=0/declared=4/scripted=11/other=0	dungeon=89(ownership)	false
22410	4	map/OuterGent_r/22410.map	PVP无名	[8033 8818 8822 8828 8829 15336]	object=14059 -> monster=56713 level=58 ref=ActionObject/Map/GentDefence/GentDefence_Wave1_3.obj	presentation=0/declared=3/scripted=6/other=0	dungeon=80(ownership)	false
25640	4	map/chn_zombie_dungeon/(0,0)Start_25640.map	PVP无名	[291 292 15336 54981]	object=221 -> monster=5003 level=11 ref=MapObject/BreakableObject/Barrel.obj	presentation=0/declared=3/scripted=2/other=0	dungeon=4130 maze=0 (0,0) spec:map; dungeon=4130(ownership)	false
32503	4	map/GentDefence/32503.map	PVP无名	[8998 9389 9391 10145 10147]	object=14057 -> monster=61801 level=62 ref=ActionObject/Map/GentDefence/GentDefence_Wave1.obj; object=14057 -> monster=61801 level=62 ref=ActionObject/Map/GentDefence/GentDefence_Wave1.obj; object=14057 -> monster=61801 level=62 ref=ActionObject/Map/GentDefence/GentDefence_Wave1.obj; object=14057 -> monster=61803 level=62 ref=ActionObject/Map/GentDefence/GentDefence_Wave1.obj; object=14058 -> monster=61801 level=62 ref=ActionObject/Map/GentDefence/GentDefence_Wave1_2.obj; object=14058 -> monster=61801 level=62 ref=ActionObject/Map/GentDefence/GentDefence_Wave1_2.obj; object=14058 -> monster=61803 level=62 ref=ActionObject/Map/GentDefence/GentDefence_Wave1_2.obj; object=14058 -> monster=61803 level=62 ref=ActionObject/Map/GentDefence/GentDefence_Wave1_2.obj; object=14059 -> monster=59013 level=62 ref=ActionObject/Map/GentDefence/GentDefence_Wave1_3.obj; object=14059 -> monster=61494 level=62 ref=ActionObject/Map/GentDefence/GentDefence_Wave1_3.obj; object=14060 -> monster=61801 level=62 ref=ActionObject/Map/GentDefence/GentDefence_Wave2.obj; object=14060 -> monster=61801 level=62 ref=ActionObject/Map/GentDefence/GentDefence_Wave2.obj; object=14060 -> monster=61803 level=62 ref=ActionObject/Map/GentDefence/GentDefence_Wave2.obj; object=14060 -> monster=61803 level=62 ref=ActionObject/Map/GentDefence/GentDefence_Wave2.obj; object=14061 -> monster=61801 level=62 ref=ActionObject/Map/GentDefence/GentDefence_Wave2_2.obj; object=14061 -> monster=61801 level=62 ref=ActionObject/Map/GentDefence/GentDefence_Wave2_2.obj; object=14061 -> monster=61803 level=62 ref=ActionObject/Map/GentDefence/GentDefence_Wave2_2.obj; object=14061 -> monster=61803 level=62 ref=ActionObject/Map/GentDefence/GentDefence_Wave2_2.obj; object=14062 -> monster=59015 level=62 ref=ActionObject/Map/GentDefence/GentDefence_Wave2_3.obj; object=14062 -> monster=61494 level=62 ref=ActionObject/Map/GentDefence/GentDefence_Wave2_3.obj; object=14063 -> monster=61801 level=62 ref=ActionObject/Map/GentDefence/GentDefence_Wave3.obj; object=14063 -> monster=61801 level=62 ref=ActionObject/Map/GentDefence/GentDefence_Wave3.obj; object=14063 -> monster=61803 level=62 ref=ActionObject/Map/GentDefence/GentDefence_Wave3.obj; object=14063 -> monster=61803 level=62 ref=ActionObject/Map/GentDefence/GentDefence_Wave3.obj; object=14064 -> monster=61801 level=62 ref=ActionObject/Map/GentDefence/GentDefence_Wave3_2.obj; object=14064 -> monster=61801 level=62 ref=ActionObject/Map/GentDefence/GentDefence_Wave3_2.obj; object=14064 -> monster=61803 level=62 ref=ActionObject/Map/GentDefence/GentDefence_Wave3_2.obj; object=14064 -> monster=61803 level=62 ref=ActionObject/Map/GentDefence/GentDefence_Wave3_2.obj; object=14065 -> monster=59014 level=62 ref=ActionObject/Map/GentDefence/GentDefence_Wave3_3.obj; object=14065 -> monster=61494 level=62 ref=ActionObject/Map/GentDefence/GentDefence_Wave3_3.obj	presentation=0/declared=4/scripted=11/other=0	dungeon=89(ownership)	false
34011	4	map/Event/BlueMarble/34011.map	PVP无名	[804 812 813]	object=815 -> monster=403 level=40 ref=MapObject/BreakableObject/ShallowKeepCoffin.obj; object=815 -> monster=403 level=40 ref=MapObject/BreakableObject/ShallowKeepCoffin.obj; object=815 -> monster=404 level=40 ref=MapObject/BreakableObject/ShallowKeepCoffin.obj	presentation=0/declared=7/scripted=0/other=0	dungeon=3011(ownership)	false
34012	4	map/Event/BlueMarble/34012.map	PVP无名	[819]	object=815 -> monster=420 level=42 ref=MapObject/BreakableObject/ShallowKeepCoffin.obj; object=815 -> monster=420 level=42 ref=MapObject/BreakableObject/ShallowKeepCoffin.obj; object=815 -> monster=420 level=42 ref=MapObject/BreakableObject/ShallowKeepCoffin.obj	presentation=0/declared=5/scripted=0/other=0	dungeon=3012(ownership)	false
34055	4	map/Event/BlueMarble/34055.map	PVP无名	[221 247 248 292]	object=221 -> monster=210 level=1 ref=MapObject/BreakableObject/Barrel.obj	presentation=0/declared=4/scripted=0/other=0	dungeon=3064(ownership)	false
34056	4	map/Event/BlueMarble/34056.map	PVP无名	[7 222 231 263 301 303 306]	object=221 -> monster=4 level=6 ref=MapObject/BreakableObject/Barrel.obj; object=221 -> monster=4 level=6 ref=MapObject/BreakableObject/Barrel.obj	presentation=1/declared=7/scripted=0/other=0	dungeon=3065(ownership)	false
53480	4	map/Cataclysm/Behemoth/04_WhiteNight/3204_53480.map	PVP无名	[700 701 702 703 704 705 706]	object=777 -> monster=263 level=35 ref=MapObject/BreakableObject/WhiteNightLongPot.obj	presentation=5/declared=3/scripted=1/other=0	dungeon=24 maze=2 (2,2) spec:map; dungeon=24(ownership)	false
55099	4	map/166_ice_wall/55099_2017(3,3).map	PVP无名	[221 222 1011 1012 3000 3002 3003 3004 3005 3006]	object=221 -> monster=210 level=19 ref=MapObject/BreakableObject/Barrel.obj; object=221 -> monster=210 level=19 ref=MapObject/BreakableObject/Barrel.obj; object=221 -> monster=211 level=19 ref=MapObject/BreakableObject/Barrel.obj; object=221 -> monster=211 level=19 ref=MapObject/BreakableObject/Barrel.obj; object=221 -> monster=5002 level=19 ref=MapObject/BreakableObject/Barrel.obj	presentation=0/declared=10/scripted=0/other=0	dungeon=166(ownership)	false
58550	4	map/Mirkwood/Mirkwood3.map	PVP无名	[3 4 281 283 284 286 15336 109006903]	object=109006903 -> monster=1 level=5 ref=ActionObject/Map/Cataclysm/Granflores/Mirkwood/Barrel/Barrel_Mirkwood.obj; object=109006903 -> monster=5 level=5 ref=ActionObject/Map/Cataclysm/Granflores/Mirkwood/Barrel/Barrel_Mirkwood.obj	presentation=2/declared=4/scripted=2/other=0	dungeon=3 maze=0 (1,0) spec:map; dungeon=3(ownership)	false
58553	4	map/Mirkwood/Mirkwood6.map	PVP无名	[3 4 226 245 282 283 286 109006903 109006910 109006917]	object=109006903 -> monster=3 level=5 ref=ActionObject/Map/Cataclysm/Granflores/Mirkwood/Barrel/Barrel_Mirkwood.obj; object=109006903 -> monster=4 level=5 ref=ActionObject/Map/Cataclysm/Granflores/Mirkwood/Barrel/Barrel_Mirkwood.obj	presentation=2/declared=5/scripted=3/other=0	dungeon=3 maze=0 (3,0) spec:boss; dungeon=3(ownership)	false
58564	4	map/SunderlandPoison/SunderlandPoison3.map	PVP无名	[15336 83094 83097 83103 109006757 109006861 109006912 109006919]	object=109006905 -> monster=3 level=8 ref=ActionObject/Map/Cataclysm/Granflores/Thunderland_Poison/Barrel/Barrel_ThunderlandPoison.obj	presentation=0/declared=5/scripted=4/other=0	dungeon=6 maze=0 (1,2) spec:map; dungeon=6(ownership)	false
58567	4	map/SunderlandPoison/SunderlandPoison6.map	PVP无名	[251 296 1011 15336 109006905 109006912]	object=109006905 -> monster=3 level=8 ref=ActionObject/Map/Cataclysm/Granflores/Thunderland_Poison/Barrel/Barrel_ThunderlandPoison.obj; object=109006905 -> monster=3 level=8 ref=ActionObject/Map/Cataclysm/Granflores/Thunderland_Poison/Barrel/Barrel_ThunderlandPoison.obj; object=109006905 -> monster=6 level=8 ref=ActionObject/Map/Cataclysm/Granflores/Thunderland_Poison/Barrel/Barrel_ThunderlandPoison.obj	presentation=0/declared=3/scripted=3/other=0	dungeon=6 maze=0 (0,1) spec:map; dungeon=6(ownership)	false
58570	4	map/MirkwoodFrost/MirkwoodFrost2.map	PVP无名	[8 9 109006906 109006913]	object=109006906 -> monster=10 level=11 ref=ActionObject/Map/Cataclysm/Granflores/Frost_Mirkwood/Barrel/Barrel_Frost_Mirkwood.obj; object=109007016 -> monster=3 level=11 ref=ActionObject/Map/Cataclysm/Granflores/Frost_Mirkwood/Goblin_bunker/Frost_Mirkwood_GoblinBunker.obj; object=109007016 -> monster=3 level=11 ref=ActionObject/Map/Cataclysm/Granflores/Frost_Mirkwood/Goblin_bunker/Frost_Mirkwood_GoblinBunker.obj; object=109007016 -> monster=3 level=11 ref=ActionObject/Map/Cataclysm/Granflores/Frost_Mirkwood/Goblin_bunker/Frost_Mirkwood_GoblinBunker.obj; object=109007016 -> monster=8 level=11 ref=ActionObject/Map/Cataclysm/Granflores/Frost_Mirkwood/Goblin_bunker/Frost_Mirkwood_GoblinBunker.obj; object=109007016 -> monster=8 level=11 ref=ActionObject/Map/Cataclysm/Granflores/Frost_Mirkwood/Goblin_bunker/Frost_Mirkwood_GoblinBunker.obj; object=109007016 -> monster=8 level=11 ref=ActionObject/Map/Cataclysm/Granflores/Frost_Mirkwood/Goblin_bunker/Frost_Mirkwood_GoblinBunker.obj	presentation=2/declared=1/scripted=2/other=0	dungeon=9 maze=0 (1,1) spec:map; dungeon=9(ownership)	false
58571	4	map/MirkwoodFrost/MirkwoodFrost3.map	PVP无名	[8 9 15336 109006758 109006906]	object=109006906 -> monster=5 level=11 ref=ActionObject/Map/Cataclysm/Granflores/Frost_Mirkwood/Barrel/Barrel_Frost_Mirkwood.obj; object=109007016 -> monster=3 level=11 ref=ActionObject/Map/Cataclysm/Granflores/Frost_Mirkwood/Goblin_bunker/Frost_Mirkwood_GoblinBunker.obj; object=109007016 -> monster=3 level=11 ref=ActionObject/Map/Cataclysm/Granflores/Frost_Mirkwood/Goblin_bunker/Frost_Mirkwood_GoblinBunker.obj; object=109007016 -> monster=3 level=11 ref=ActionObject/Map/Cataclysm/Granflores/Frost_Mirkwood/Goblin_bunker/Frost_Mirkwood_GoblinBunker.obj; object=109007016 -> monster=8 level=11 ref=ActionObject/Map/Cataclysm/Granflores/Frost_Mirkwood/Goblin_bunker/Frost_Mirkwood_GoblinBunker.obj; object=109007016 -> monster=8 level=11 ref=ActionObject/Map/Cataclysm/Granflores/Frost_Mirkwood/Goblin_bunker/Frost_Mirkwood_GoblinBunker.obj; object=109007016 -> monster=8 level=11 ref=ActionObject/Map/Cataclysm/Granflores/Frost_Mirkwood/Goblin_bunker/Frost_Mirkwood_GoblinBunker.obj	presentation=2/declared=2/scripted=2/other=0	dungeon=9 maze=0 (1,0) spec:map; dungeon=9(ownership)	false
58572	4	map/MirkwoodFrost/MirkwoodFrost4.map	PVP无名	[8 9 283 109006913 109006920]	object=109007016 -> monster=3 level=11 ref=ActionObject/Map/Cataclysm/Granflores/Frost_Mirkwood/Goblin_bunker/Frost_Mirkwood_GoblinBunker.obj; object=109007016 -> monster=3 level=11 ref=ActionObject/Map/Cataclysm/Granflores/Frost_Mirkwood/Goblin_bunker/Frost_Mirkwood_GoblinBunker.obj; object=109007016 -> monster=8 level=11 ref=ActionObject/Map/Cataclysm/Granflores/Frost_Mirkwood/Goblin_bunker/Frost_Mirkwood_GoblinBunker.obj; object=109007016 -> monster=8 level=11 ref=ActionObject/Map/Cataclysm/Granflores/Frost_Mirkwood/Goblin_bunker/Frost_Mirkwood_GoblinBunker.obj	presentation=2/declared=2/scripted=2/other=0	dungeon=9 maze=0 (2,1) spec:map; dungeon=9(ownership)	false
58574	4	map/MirkwoodFrost/MirkwoodFrost6.map	PVP无名	[8 9 15336 109006906 109006913]	object=109007016 -> monster=3 level=11 ref=ActionObject/Map/Cataclysm/Granflores/Frost_Mirkwood/Goblin_bunker/Frost_Mirkwood_GoblinBunker.obj; object=109007016 -> monster=3 level=11 ref=ActionObject/Map/Cataclysm/Granflores/Frost_Mirkwood/Goblin_bunker/Frost_Mirkwood_GoblinBunker.obj; object=109007016 -> monster=3 level=11 ref=ActionObject/Map/Cataclysm/Granflores/Frost_Mirkwood/Goblin_bunker/Frost_Mirkwood_GoblinBunker.obj; object=109007016 -> monster=8 level=11 ref=ActionObject/Map/Cataclysm/Granflores/Frost_Mirkwood/Goblin_bunker/Frost_Mirkwood_GoblinBunker.obj	presentation=2/declared=1/scripted=3/other=0	dungeon=9 maze=0 (3,0) spec:map; dungeon=9(ownership)	false
58577	4	map/GrakKarak/GrakKarak2.map	PVP无名	[249 250 261 302 306 109006914 109006921]	object=109007017 -> monster=4 level=13 ref=ActionObject/Map/Cataclysm/Granflores/GrakKarak/Goblin_bunker/GrakKarak_GoblinBunker.obj; object=109007017 -> monster=4 level=13 ref=ActionObject/Map/Cataclysm/Granflores/GrakKarak/Goblin_bunker/GrakKarak_GoblinBunker.obj; object=109007017 -> monster=4 level=13 ref=ActionObject/Map/Cataclysm/Granflores/GrakKarak/Goblin_bunker/GrakKarak_GoblinBunker.obj; object=109007017 -> monster=4 level=13 ref=ActionObject/Map/Cataclysm/Granflores/GrakKarak/Goblin_bunker/GrakKarak_GoblinBunker.obj; object=109007017 -> monster=7 level=13 ref=ActionObject/Map/Cataclysm/Granflores/GrakKarak/Goblin_bunker/GrakKarak_GoblinBunker.obj; object=109007017 -> monster=7 level=13 ref=ActionObject/Map/Cataclysm/Granflores/GrakKarak/Goblin_bunker/GrakKarak_GoblinBunker.obj; object=109007017 -> monster=7 level=13 ref=ActionObject/Map/Cataclysm/Granflores/GrakKarak/Goblin_bunker/GrakKarak_GoblinBunker.obj; object=109007017 -> monster=7 level=13 ref=ActionObject/Map/Cataclysm/Granflores/GrakKarak/Goblin_bunker/GrakKarak_GoblinBunker.obj	presentation=0/declared=6/scripted=2/other=0	dungeon=7 maze=0 (3,1) spec:map; dungeon=7(ownership)	false
58585	4	map/GrakKarakBurning/GrakKarakBurning3.map	PVP无名	[7 303 15336 83089 83090 109006907 109006921]	object=109006907 -> monster=4 level=15 ref=ActionObject/Map/Cataclysm/Granflores/GrakKarak/Barrel/Barrel_GrakKarak.obj	presentation=1/declared=1/scripted=5/other=0	dungeon=8 maze=0 (1,0) spec:map; dungeon=8(ownership)	false
58586	4	map/GrakKarakBurning/GrakKarakBurning4.map	PVP无名	[7 231 263 302 109006907 109006921]	object=109006907 -> monster=4 level=15 ref=ActionObject/Map/Cataclysm/Granflores/GrakKarak/Barrel/Barrel_GrakKarak.obj	presentation=1/declared=3/scripted=2/other=0	dungeon=8 maze=0 (2,1) spec:map; dungeon=8(ownership)	false
58592	4	map/SunderlandDark/SunderlandDark3.map	PVP无名	[296 15336 109006908 109006962]	object=109006908 -> monster=12 level=16 ref=ActionObject/Map/Cataclysm/Granflores/Dark_thunderland/Barrel/Barrel_Dark_thunderland.obj; object=109006908 -> monster=5002 level=16 ref=ActionObject/Map/Cataclysm/Granflores/Dark_thunderland/Barrel/Barrel_Dark_thunderland.obj	presentation=0/declared=1/scripted=3/other=0	dungeon=1000 maze=0 (3,0) spec:map; dungeon=1000(ownership)	false
58595	4	map/SunderlandDark/SunderlandDark6.map	PVP无名	[231 247 248 251 252 254 256 293 1008 15336 83093 109006759 109006863 109006908 109006956 109006961]	object=109006908 -> monster=210 level=16 ref=ActionObject/Map/Cataclysm/Granflores/Dark_thunderland/Barrel/Barrel_Dark_thunderland.obj	presentation=0/declared=12/scripted=4/other=0	dungeon=1000 maze=0 (1,0) spec:map; dungeon=1000(ownership)	false
58664	4	map/Jungle/Jungle8.map	PVP无名	[300 325 326 773 800 1006 1007 109006976]	object=773 -> monster=50000 level=27 ref=MapObject/BreakableObject/JungleLongPot.obj	presentation=1/declared=6/scripted=1/other=0	dungeon=22 maze=0 (2,0) spec:map; dungeon=22(ownership)	false
58674	4	map/Darkhell/Darkhell8.map	PVP无名	[300 333 334 335 336 337 775 1023 15336 52894 109006977]	object=775 -> monster=252 level=32 ref=MapObject/BreakableObject/DarkhellLongPot.obj	presentation=5/declared=3/scripted=3/other=0	dungeon=23 maze=0 (3,2) spec:map; dungeon=23(ownership)	false
58680	4	map/WhiteNight/WhiteNight4.map	PVP无名	[701 702 703 704 705 706 777 1026 15336 109006978]	object=777 -> monster=260 level=35 ref=MapObject/BreakableObject/WhiteNightLongPot.obj; object=777 -> monster=260 level=35 ref=MapObject/BreakableObject/WhiteNightLongPot.obj	presentation=5/declared=3/scripted=2/other=0	dungeon=24 maze=0 (2,2) spec:map; dungeon=24(ownership)	false
58690	4	map/1stBackbone/1stBackbone4.map	PVP无名	[709 710 711 712 713 778 1032 15336]	object=779 -> monster=250 level=30 ref=MapObject/BreakableObject/1stBackboneLongPot.obj; object=779 -> monster=250 level=30 ref=MapObject/BreakableObject/1stBackboneLongPot.obj; object=779 -> monster=250 level=30 ref=MapObject/BreakableObject/1stBackboneLongPot.obj; object=779 -> monster=250 level=30 ref=MapObject/BreakableObject/1stBackboneLongPot.obj; object=779 -> monster=250 level=30 ref=MapObject/BreakableObject/1stBackboneLongPot.obj	presentation=5/declared=3/scripted=1/other=0	dungeon=25 maze=0 (3,0) spec:map; dungeon=25(ownership)	false
58691	4	map/1stBackbone/1stBackbone5.map	PVP无名	[708 709 710 711 712 713 800]	object=779 -> monster=250 level=30 ref=MapObject/BreakableObject/1stBackboneLongPot.obj; object=779 -> monster=250 level=35 ref=MapObject/BreakableObject/1stBackboneLongPot.obj; object=779 -> monster=250 level=35 ref=MapObject/BreakableObject/1stBackboneLongPot.obj	presentation=5/declared=3/scripted=0/other=0	dungeon=25 maze=0 (2,1) spec:map; dungeon=25(ownership)	false
58718	4	map/ShallowKeep/ShallowKeep2.map	PVP无名	[802 805 811 812 826]	object=815 -> monster=600 level=40 ref=MapObject/BreakableObject/ShallowKeepCoffin.obj; object=815 -> monster=600 level=40 ref=MapObject/BreakableObject/ShallowKeepCoffin.obj; object=815 -> monster=600 level=40 ref=MapObject/BreakableObject/ShallowKeepCoffin.obj; object=815 -> monster=600 level=40 ref=MapObject/BreakableObject/ShallowKeepCoffin.obj; object=815 -> monster=600 level=40 ref=MapObject/BreakableObject/ShallowKeepCoffin.obj; object=815 -> monster=600 level=40 ref=MapObject/BreakableObject/ShallowKeepCoffin.obj; object=815 -> monster=600 level=40 ref=MapObject/BreakableObject/ShallowKeepCoffin.obj	presentation=0/declared=6/scripted=0/other=0	dungeon=31 maze=0 (1,1) spec:map; dungeon=31(ownership)	false
58719	4	map/ShallowKeep/ShallowKeep3.map	PVP无名	[805 811 812 814 816]	object=815 -> monster=403 level=40 ref=MapObject/BreakableObject/ShallowKeepCoffin.obj; object=815 -> monster=403 level=40 ref=MapObject/BreakableObject/ShallowKeepCoffin.obj; object=815 -> monster=403 level=40 ref=MapObject/BreakableObject/ShallowKeepCoffin.obj	presentation=0/declared=6/scripted=0/other=0	dungeon=31 maze=0 (1,2) spec:map; dungeon=31(ownership)	false
58720	4	map/ShallowKeep/ShallowKeep4.map	PVP无名	[805 811 813 816 15336]	object=815 -> monster=403 level=40 ref=MapObject/BreakableObject/ShallowKeepCoffin.obj; object=815 -> monster=403 level=40 ref=MapObject/BreakableObject/ShallowKeepCoffin.obj; object=815 -> monster=403 level=40 ref=MapObject/BreakableObject/ShallowKeepCoffin.obj; object=815 -> monster=403 level=40 ref=MapObject/BreakableObject/ShallowKeepCoffin.obj; object=815 -> monster=403 level=40 ref=MapObject/BreakableObject/ShallowKeepCoffin.obj	presentation=0/declared=5/scripted=1/other=0	dungeon=31 maze=0 (1,3) spec:map; dungeon=31(ownership)	false
58722	4	map/ShallowKeep/ShallowKeep6.map	PVP无名	[805 811 814 816]	object=815 -> monster=403 level=40 ref=MapObject/BreakableObject/ShallowKeepCoffin.obj; object=815 -> monster=403 level=40 ref=MapObject/BreakableObject/ShallowKeepCoffin.obj	presentation=0/declared=5/scripted=0/other=0	dungeon=31 maze=0 (3,2) spec:map; dungeon=31(ownership)	false
58723	4	map/ShallowKeep/ShallowKeep7.map	PVP无名	[805 811 812 813 814 816]	object=815 -> monster=403 level=40 ref=MapObject/BreakableObject/ShallowKeepCoffin.obj; object=815 -> monster=403 level=40 ref=MapObject/BreakableObject/ShallowKeepCoffin.obj; object=815 -> monster=403 level=40 ref=MapObject/BreakableObject/ShallowKeepCoffin.obj	presentation=0/declared=7/scripted=0/other=0	dungeon=31 maze=0 (2,1) spec:map; dungeon=31(ownership)	false
58724	4	map/ShallowKeep/ShallowKeep8.map	PVP无名	[804 811 812 813 814 816]	object=815 -> monster=403 level=40 ref=MapObject/BreakableObject/ShallowKeepCoffin.obj; object=815 -> monster=404 level=40 ref=MapObject/BreakableObject/ShallowKeepCoffin.obj	presentation=0/declared=7/scripted=0/other=0	dungeon=31 maze=0 (2,0) spec:map; dungeon=31(ownership)	false
58725	4	map/ShallowKeep/ShallowKeep9.map	PVP无名	[805 816 15336]	object=815 -> monster=403 level=40 ref=MapObject/BreakableObject/ShallowKeepCoffin.obj; object=815 -> monster=403 level=40 ref=MapObject/BreakableObject/ShallowKeepCoffin.obj	presentation=0/declared=3/scripted=1/other=0	dungeon=31 maze=0 (3,1) spec:map; dungeon=31(ownership)	false
58726	4	map/ShallowKeep/ShallowKeep10.map	PVP无名	[804 813 816]	object=815 -> monster=403 level=40 ref=MapObject/BreakableObject/ShallowKeepCoffin.obj; object=815 -> monster=403 level=40 ref=MapObject/BreakableObject/ShallowKeepCoffin.obj; object=815 -> monster=404 level=40 ref=MapObject/BreakableObject/ShallowKeepCoffin.obj	presentation=0/declared=4/scripted=0/other=0	dungeon=31 maze=0 (4,1) spec:boss; dungeon=31(ownership)	false
58727	4	map/MarpissaLair/MarpissaLair1.map	PVP无名	[109006924 109006930]	object=109006930 -> monster=403 level=41 ref=ActionObject/Map/Cataclysm/Alflaylah/MarpissaLair/Coffin/SC_Coffin.obj	presentation=0/declared=0/scripted=2/other=0	dungeon=32 maze=0 (0,0) spec:map; dungeon=32(ownership)	false
58729	4	map/MarpissaLair/MarpissaLair3.map	PVP无名	[823 109006933]	object=109006930 -> monster=403 level=42 ref=ActionObject/Map/Cataclysm/Alflaylah/MarpissaLair/Coffin/SC_Coffin.obj; object=109006930 -> monster=403 level=42 ref=ActionObject/Map/Cataclysm/Alflaylah/MarpissaLair/Coffin/SC_Coffin.obj	presentation=0/declared=1/scripted=2/other=0	dungeon=32 maze=0 (2,0) spec:map; dungeon=32(ownership)	false
58730	4	map/MarpissaLair/MarpissaLair4.map	PVP无名	[821 822 15336 109006924]	object=109006930 -> monster=403 level=41 ref=ActionObject/Map/Cataclysm/Alflaylah/MarpissaLair/Coffin/SC_Coffin.obj; object=109006930 -> monster=403 level=41 ref=ActionObject/Map/Cataclysm/Alflaylah/MarpissaLair/Coffin/SC_Coffin.obj	presentation=0/declared=2/scripted=3/other=0	dungeon=32 maze=0 (3,0) spec:map; dungeon=32(ownership)	false
58735	4	map/MarpissaLair/MarpissaLair9.map	PVP无名	[822 823 15336 109006752 109006924 109006927 109007006]	object=109006930 -> monster=420 level=42 ref=ActionObject/Map/Cataclysm/Alflaylah/MarpissaLair/Coffin/SC_Coffin.obj; object=109006930 -> monster=420 level=42 ref=ActionObject/Map/Cataclysm/Alflaylah/MarpissaLair/Coffin/SC_Coffin.obj; object=109006930 -> monster=420 level=42 ref=ActionObject/Map/Cataclysm/Alflaylah/MarpissaLair/Coffin/SC_Coffin.obj	presentation=0/declared=3/scripted=5/other=0	dungeon=32 maze=0 (3,2) spec:map; dungeon=32(ownership)	false
58736	4	map/MarpissaLair/MarpissaLair10.map	PVP无名	[109006752 109006924 109006927 109007006]	object=109006930 -> monster=420 level=42 ref=ActionObject/Map/Cataclysm/Alflaylah/MarpissaLair/Coffin/SC_Coffin.obj; object=109006930 -> monster=420 level=42 ref=ActionObject/Map/Cataclysm/Alflaylah/MarpissaLair/Coffin/SC_Coffin.obj	presentation=0/declared=1/scripted=4/other=0	dungeon=32 maze=0 (4,2) spec:boss; dungeon=32(ownership)	false
58824	4	map/DarkelfCemetary/DarkelfCemetary5.map	PVP无名	[15336 109000576 109000581 109000583]	object=109000579 -> monster=1000 level=44 ref=ActionObject/Map/Cataclysm/Alflaylah/DarkelfCemetary/Coffin/DC_Coffin.obj; object=109000579 -> monster=1000 level=44 ref=ActionObject/Map/Cataclysm/Alflaylah/DarkelfCemetary/Coffin/DC_Coffin.obj; object=109000579 -> monster=1000 level=44 ref=ActionObject/Map/Cataclysm/Alflaylah/DarkelfCemetary/Coffin/DC_Coffin.obj; object=109000579 -> monster=1000 level=44 ref=ActionObject/Map/Cataclysm/Alflaylah/DarkelfCemetary/Coffin/DC_Coffin.obj; object=109000579 -> monster=1000 level=44 ref=ActionObject/Map/Cataclysm/Alflaylah/DarkelfCemetary/Coffin/DC_Coffin.obj; object=109000579 -> monster=1000 level=44 ref=ActionObject/Map/Cataclysm/Alflaylah/DarkelfCemetary/Coffin/DC_Coffin.obj	presentation=0/declared=0/scripted=5/other=0	dungeon=35 maze=0 (1,0) spec:map; dungeon=35(ownership)	false
58825	4	map/DarkelfCemetary/DarkelfCemetary6.map	PVP无名	[843 15336 109000572 109000574 109000576 109000577 109000579 109000581 109000583 109000588]	object=815 -> monster=1000 level=44 ref=MapObject/BreakableObject/ShallowKeepCoffin.obj	presentation=0/declared=2/scripted=9/other=0	dungeon=35 maze=0 (2,0) spec:map; dungeon=35(ownership)	false
58832	4	map/MagmaCave/MagmaCave4.map	PVP无名	[1056 15336 109006928]	object=109006931 -> monster=408 level=46 ref=ActionObject/Map/Cataclysm/Alflaylah/lava_cave/Coffin/LC_Coffin.obj; object=109006931 -> monster=408 level=46 ref=ActionObject/Map/Cataclysm/Alflaylah/lava_cave/Coffin/LC_Coffin.obj	presentation=0/declared=1/scripted=3/other=0	dungeon=34 maze=0 (1,2) spec:map; dungeon=34(ownership)	false
58833	4	map/MagmaCave/MagmaCave5.map	PVP无名	[737 831 1056]	object=830 -> monster=408 level=46 ref=MapObject/BreakableObject/MagmaCoffin.obj	presentation=0/declared=4/scripted=0/other=0	dungeon=34 maze=0 (2,1) spec:map; dungeon=34(ownership)	false
58835	4	map/MagmaCave/MagmaCave7.map	PVP无名	[736 737 831 1056]	object=830 -> monster=404 level=45 ref=MapObject/BreakableObject/MagmaCoffin.obj	presentation=0/declared=5/scripted=0/other=0	dungeon=34 maze=0 (2,2) spec:map; dungeon=34(ownership)	false
58837	4	map/MagmaCave/MagmaCave9.map	PVP无名	[15336]	object=109006931 -> monster=601 level=46 ref=ActionObject/Map/Cataclysm/Alflaylah/lava_cave/Coffin/LC_Coffin.obj	presentation=0/declared=0/scripted=2/other=0	dungeon=34 maze=0 (3,2) spec:map; dungeon=34(ownership)	false
58914	4	map/BloodButterfly/BloodButterfly1.map	PVP无名	[10014]	object=8938 -> monster=62014 level=48 ref=ActionObject/Map/BloodButterfly/Trap_2.obj; object=8938 -> monster=62015 level=48 ref=ActionObject/Map/BloodButterfly/Trap_2.obj; object=8939 -> monster=62014 level=48 ref=ActionObject/Map/BloodButterfly/Trap_1.obj	presentation=0/declared=0/scripted=3/other=0	dungeon=52 maze=0 (0,3) spec:map; dungeon=52(ownership)	false
76350	4	map/Cataclysm/Northmyre/04_Bloodfly/3349_76350.map	PVP无名	[10014 10016 10018 15336 85136 109002770]	object=8938 -> monster=62014 level=48 ref=ActionObject/Map/BloodButterfly/Trap_2.obj; object=8938 -> monster=62015 level=48 ref=ActionObject/Map/BloodButterfly/Trap_2.obj; object=8939 -> monster=62014 level=48 ref=ActionObject/Map/BloodButterfly/Trap_1.obj	presentation=0/declared=2/scripted=6/other=0	dungeon=52 maze=8 (4,3) spec:map; dungeon=52(ownership)	false
76362	4	map/Cataclysm/Northmyre/04_Bloodfly/3350_76362.map	PVP无名	[8732 10016 10017 10018 10019 85202 109002770]	object=8938 -> monster=62014 level=48 ref=ActionObject/Map/BloodButterfly/Trap_2.obj; object=8938 -> monster=62014 level=48 ref=ActionObject/Map/BloodButterfly/Trap_2.obj; object=8938 -> monster=62014 level=48 ref=ActionObject/Map/BloodButterfly/Trap_2.obj; object=8938 -> monster=62014 level=48 ref=ActionObject/Map/BloodButterfly/Trap_2.obj; object=8938 -> monster=62014 level=48 ref=ActionObject/Map/BloodButterfly/Trap_2.obj; object=8938 -> monster=62015 level=48 ref=ActionObject/Map/BloodButterfly/Trap_2.obj; object=8938 -> monster=62015 level=48 ref=ActionObject/Map/BloodButterfly/Trap_2.obj; object=8939 -> monster=62014 level=48 ref=ActionObject/Map/BloodButterfly/Trap_1.obj; object=8939 -> monster=62014 level=48 ref=ActionObject/Map/BloodButterfly/Trap_1.obj; object=8939 -> monster=62015 level=48 ref=ActionObject/Map/BloodButterfly/Trap_1.obj; object=8939 -> monster=62015 level=48 ref=ActionObject/Map/BloodButterfly/Trap_1.obj	presentation=0/declared=4/scripted=5/other=0	dungeon=52 maze=9 (2,0) spec:map; dungeon=52(ownership)	false
76364	4	map/Cataclysm/Northmyre/04_Bloodfly/3350_76364.map	PVP无名	[8919 10016 10017 109002770]	object=8938 -> monster=62014 level=48 ref=ActionObject/Map/BloodButterfly/Trap_2.obj; object=8938 -> monster=62014 level=48 ref=ActionObject/Map/BloodButterfly/Trap_2.obj; object=8938 -> monster=62014 level=48 ref=ActionObject/Map/BloodButterfly/Trap_2.obj; object=8938 -> monster=62014 level=48 ref=ActionObject/Map/BloodButterfly/Trap_2.obj; object=8939 -> monster=62015 level=48 ref=ActionObject/Map/BloodButterfly/Trap_1.obj	presentation=0/declared=2/scripted=4/other=0	dungeon=52 maze=9 (1,1) spec:map; dungeon=52(ownership)	false
76374	4	map/Cataclysm/Northmyre/04_Bloodfly/3351_76374.map	PVP无名	[8732 10016 10017 10018 10019 85202 109002770]	object=8938 -> monster=62014 level=48 ref=ActionObject/Map/BloodButterfly/Trap_2.obj; object=8938 -> monster=62014 level=48 ref=ActionObject/Map/BloodButterfly/Trap_2.obj; object=8938 -> monster=62014 level=48 ref=ActionObject/Map/BloodButterfly/Trap_2.obj; object=8938 -> monster=62014 level=48 ref=ActionObject/Map/BloodButterfly/Trap_2.obj; object=8938 -> monster=62015 level=48 ref=ActionObject/Map/BloodButterfly/Trap_2.obj; object=8938 -> monster=62015 level=48 ref=ActionObject/Map/BloodButterfly/Trap_2.obj; object=8938 -> monster=62015 level=48 ref=ActionObject/Map/BloodButterfly/Trap_2.obj; object=8939 -> monster=62014 level=48 ref=ActionObject/Map/BloodButterfly/Trap_1.obj; object=8939 -> monster=62014 level=48 ref=ActionObject/Map/BloodButterfly/Trap_1.obj; object=8939 -> monster=62015 level=48 ref=ActionObject/Map/BloodButterfly/Trap_1.obj; object=8939 -> monster=62015 level=48 ref=ActionObject/Map/BloodButterfly/Trap_1.obj	presentation=0/declared=4/scripted=5/other=0	dungeon=52 maze=10 (3,1) spec:map; dungeon=52(ownership)	false
76376	4	map/Cataclysm/Northmyre/04_Bloodfly/3351_76376.map	PVP无名	[8919 10016 10017 15336 109002770]	object=8938 -> monster=62014 level=48 ref=ActionObject/Map/BloodButterfly/Trap_2.obj; object=8938 -> monster=62014 level=48 ref=ActionObject/Map/BloodButterfly/Trap_2.obj; object=8938 -> monster=62014 level=48 ref=ActionObject/Map/BloodButterfly/Trap_2.obj; object=8939 -> monster=62015 level=48 ref=ActionObject/Map/BloodButterfly/Trap_1.obj	presentation=0/declared=2/scripted=5/other=0	dungeon=52 maze=10 (5,1) spec:map; dungeon=52(ownership)	false
76384	4	map/Cataclysm/Northmyre/05_Town_of_doubt/3352_76384.map	PVP无名	[1111 1113 15336]	object=1112 -> monster=56716 level=49 ref=MapObject/Obstacle/ElevatorSummon.obj	presentation=3/declared=0/scripted=1/other=0	dungeon=53 maze=2 (1,2) spec:layered; dungeon=53(ownership)	true
76392	4	map/Cataclysm/Northmyre/05_Town_of_doubt/3353_76392.map	PVP无名	[10222 10225 10229 10230]	object=10231 -> monster=61479 level=49 ref=ActionObject/Map/suspicion/mimicbox.obj; object=10231 -> monster=61479 level=49 ref=ActionObject/Map/suspicion/mimicbox.obj; object=10231 -> monster=61479 level=49 ref=ActionObject/Map/suspicion/mimicbox.obj	presentation=0/declared=3/scripted=2/other=0	dungeon=53 maze=3 (1,1) spec:map; dungeon=53(ownership)	true
76393	4	map/Cataclysm/Northmyre/05_Town_of_doubt/3353_76393.map	PVP无名	[9019 15336 72232]	object=10231 -> monster=61479 level=49 ref=ActionObject/Map/suspicion/mimicbox.obj; object=10231 -> monster=61479 level=49 ref=ActionObject/Map/suspicion/mimicbox.obj	presentation=0/declared=1/scripted=3/other=0	dungeon=53 maze=3 (2,1) spec:map; dungeon=53(ownership)	true
76395	4	map/Cataclysm/Northmyre/05_Town_of_doubt/3353_76395.map	PVP无名	[8923 9019 10225 109006902]	object=10231 -> monster=61479 level=49 ref=ActionObject/Map/suspicion/mimicbox.obj; object=10231 -> monster=61479 level=49 ref=ActionObject/Map/suspicion/mimicbox.obj	presentation=0/declared=2/scripted=3/other=0	dungeon=53 maze=3 (3,2) spec:map; dungeon=53(ownership)	true
76405	4	map/Cataclysm/Northmyre/05_Town_of_doubt/3354_76405.map	PVP无名	[10225 10231 109006902]	object=10231 -> monster=61479 level=49 ref=ActionObject/Map/suspicion/mimicbox.obj; object=10231 -> monster=61479 level=49 ref=ActionObject/Map/suspicion/mimicbox.obj	presentation=0/declared=2/scripted=1/other=0	dungeon=53 maze=4 (0,2) spec:map; dungeon=53(ownership)	true
91454	4	map/Cataclysm/Alflaylah/MagmaCave/3246_91454.map	PVP无名	[15336]	object=109006931 -> monster=403 level=45 ref=ActionObject/Map/Cataclysm/Alflaylah/lava_cave/Coffin/LC_Coffin.obj; object=109006931 -> monster=404 level=45 ref=ActionObject/Map/Cataclysm/Alflaylah/lava_cave/Coffin/LC_Coffin.obj	presentation=0/declared=0/scripted=3/other=0	dungeon=34 maze=2 (1,2) spec:map; dungeon=34(ownership)	false
91456	4	map/Cataclysm/Alflaylah/MagmaCave/3246_91456.map	PVP无名	[735 736 737 1056 15336]	object=109006931 -> monster=408 level=46 ref=ActionObject/Map/Cataclysm/Alflaylah/lava_cave/Coffin/LC_Coffin.obj	presentation=0/declared=4/scripted=2/other=0	dungeon=34 maze=2 (0,3) spec:map; dungeon=34(ownership)	false
95148	4	map/OuterGent/OuterGent11.map	PVP无名	[8033 8818 8822 8828 8829]	object=14059 -> monster=56713 level=58 ref=ActionObject/Map/GentDefence/GentDefence_Wave1_3.obj	presentation=0/declared=2/scripted=5/other=0	dungeon=80 maze=0 (5,2) spec:boss; dungeon=80(ownership)	false
112003	4	map/dfo/2017/Western/toArden/12093_Normal(2,1).map	PVP无名	[400001 400076 401002]	object=16316 -> monster=112037 level=85 ref=ActionObject/Map/LargusLake/Summon_Time.obj; object=16316 -> monster=112037 level=85 ref=ActionObject/Map/LargusLake/Summon_Time.obj; object=16316 -> monster=112038 level=85 ref=ActionObject/Map/LargusLake/Summon_Time.obj; object=16316 -> monster=112038 level=85 ref=ActionObject/Map/LargusLake/Summon_Time.obj	presentation=0/declared=0/scripted=4/other=0	dungeon=112000 maze=0 (1,0) spec:map; dungeon=112000(ownership)	false
400233	4	map/BloodButterfly/M4874_BloodButterfly1.map	PVP无名	[10014]	object=8938 -> monster=62014 level=48 ref=ActionObject/Map/BloodButterfly/Trap_2.obj; object=8938 -> monster=62015 level=48 ref=ActionObject/Map/BloodButterfly/Trap_2.obj; object=8939 -> monster=62014 level=48 ref=ActionObject/Map/BloodButterfly/Trap_1.obj	presentation=0/declared=0/scripted=3/other=0	dungeon=52 maze=11 (0,3) spec:map; dungeon=52(ownership)	false
400263	4	map/SuspiciousVillage/M3786_(2,5)start.map	PVP无名	[1111 1113 53858]	object=1112 -> monster=56716 level=49 ref=MapObject/Obstacle/ElevatorSummon.obj	presentation=3/declared=0/scripted=1/other=0	dungeon=53 maze=1 (2,5) spec:map; dungeon=53(ownership)	true
400266	4	map/SuspiciousVillage/M3786_(2,1)normal.map	PVP无名	[8923 53850]	object=10231 -> monster=61479 level=49 ref=ActionObject/Map/suspicion/mimicbox.obj; object=10231 -> monster=61479 level=49 ref=ActionObject/Map/suspicion/mimicbox.obj; object=10231 -> monster=61479 level=49 ref=ActionObject/Map/suspicion/mimicbox.obj; object=10231 -> monster=61479 level=49 ref=ActionObject/Map/suspicion/mimicbox.obj	presentation=0/declared=1/scripted=2/other=0	dungeon=53 maze=1 (1,1) spec:map; dungeon=53(ownership)	true
400267	4	map/SuspiciousVillage/M3786_(4,1)normal_1.map	PVP无名	[10031 10225 10226 10227 10229 10230 15336 53851]	object=10231 -> monster=61479 level=49 ref=ActionObject/Map/suspicion/mimicbox.obj; object=10231 -> monster=61479 level=49 ref=ActionObject/Map/suspicion/mimicbox.obj; object=10231 -> monster=61479 level=49 ref=ActionObject/Map/suspicion/mimicbox.obj; object=10231 -> monster=61479 level=49 ref=ActionObject/Map/suspicion/mimicbox.obj; object=10231 -> monster=61479 level=49 ref=ActionObject/Map/suspicion/mimicbox.obj; object=10231 -> monster=61479 level=49 ref=ActionObject/Map/suspicion/mimicbox.obj	presentation=0/declared=4/scripted=5/other=0	dungeon=53 maze=1 (4,1) spec:map; dungeon=53(ownership)	true
400299	4	map/SuspiciousVillage/M3786_(3,1)normal.map	PVP无名	[10225 15336 53846 53847 53848]	object=10231 -> monster=61479 level=49 ref=ActionObject/Map/suspicion/mimicbox.obj; object=10231 -> monster=61479 level=49 ref=ActionObject/Map/suspicion/mimicbox.obj; object=10231 -> monster=61479 level=49 ref=ActionObject/Map/suspicion/mimicbox.obj	presentation=0/declared=2/scripted=4/other=0	dungeon=53 maze=1 (3,1) spec:map; dungeon=53(ownership)	true
